id,modulo,pergunta,opcoes,correta,comentario
T18,Módulo I – Radioproteção,"O coeficiente de atenuação linear dado um HVL de 0,693 cm é:","0,48cm-1|1,00 cm-1|1,44 cm-1|2,08 cm-1|2,71cm-1","0,48cm-1",Comentário: Similar ao T2
T19,Módulo I – Radioproteção,"A espessura de chumbo necessária para reduzir a exposição de uma fonte pontual de Cs137 em 70% (HVL - 0,65 cm) é _____.","0,1cm|b. 0,3cm|c. 0,7 cm|1,1cm|1,4 cm","0,1cm",Comentário: Similar ao T2 sendo
T20,Módulo I – Radioproteção,O fator _______ não é necessário para cálculo de blindagem segundo a NCRP 151,Carga de Trabalho|Uso|Ocupação|Idade dos ocupantes ou trabalhadores|Distância,Carga de Trabalho,
T21,Módulo I – Radioproteção,Um acelerador com IMRT foi recentemente comissionado onde existia linac de 6MV que realizava somente tratamentos 3D conformacionais. A blindagem devido a ____ será ____ .,Fuga; diminuida|Fuga; aumentada|Espalhamento; diminuida|Espalhamento; diminuida|Nêutrons; aumentada,Fuga; diminuida,
T23,Módulo I – Radioproteção,Quantos HVLs são necessários para reduzir a intensidade de um feixe em pelo menos 95%?,2|3|4|5|6,2,
T26,Módulo I – Radioproteção,Para qual curva o primeiro e o segundo HVL seriam os mais próximos em valor à medida que os feixes atravessam um material homogêneo?,A|B|C|Todos têm a mesma diferença entre o primeiro e o segundo HVL.|Não há informações suficientes para responder à pergunta.,A,Comentário: Quando o feixe é monoenergético as HVL`s são constantes o feixe mais estreito representa a situação em que a primeira e a segunda HVL são mais próximas.
T27,Módulo I – Radioproteção,Qual curva veria o maior aumento na CSR com um filtro de baixa energia colocado no feixe?,A|B|C|Nenhum espectro seria afetado.|Não há informações suficientes para responder à pergunta.,A,"Comentário: O espectro A tem a maior proporção de componentes de baixa energia. O espectro B quase não é afetado e C é menos afetado que A, pois as situações em termos de componentes são opostas."
T77,Módulo I – Radioproteção,_____ NÃO é recomendado para blindar nêutrons em um bunker linac.,Concreto|Chumbo|Polietileno|Polietileno Borado|Terra compactada,Concreto,
T75,Módulo I – Radioproteção,"Um levantamento radiométrico de uma área livre com uma câmara de ionização com o feixe direcionado diretamente para uma parede de barreira relata 25 mR h–1. Se o fator de uso (U) for 0,5 para aquela barreira e o feixe estiver ligado por um total de 5 minutos por hora, qual é o mR estimado em qualquer hora neste local?",1 mR em qualquer hora|2 mR em qualquer hora|12 mR em qualquer hora|20 mR em qualquer hora|25 mR em qualquer hora,1 mR em qualquer hora,
T139,Módulo I – Radioproteção,"Em modos de falha e análise de efeitos (FMEA), o número de prioridade de risco (RPN) é definido como _____.",Frequência de ocorrência da falha|Gravidade da falha|Detectabilidade da falha|Todas as afirmativas acima são verdadeiras.|Nenhuma das opções acima é verdadeira.,Frequência de ocorrência da falha,
T140,Módulo I – Radioproteção,Qual dos seguintes é menos apropriado para inclusão no mapa de processo FMEA para IGRT diário?,Enchimento do reto/bexiga diferente do sim|A orientação por imagem se desvia em ≥ 5 mm|Desvio diário da saída da máquina|movimento do paciente após a geração de imagens|Movimento do paciente durante a entrega,Enchimento do reto/bexiga diferente do sim,
T128,Módulo I – Radioproteção,"Em Análises de efeitos de modo de falha (FMEA), uma falha é priorizada de acordo a _____.",Severidade|Frequência|Detectabilidade|Todas acima são verdadeiras|Nenhuma acima é verdadeira,Severidade,
T79,Módulo I – Radioproteção,"Qual resultará na maior diminuição da dose fora de um bunker de acelerador linear, atrás de uma barreira primária de concreto?",dobrar a espessura da barreira|dobrar a distância do acelerador linear|reduzir pela metade o tempo de feixe|adicionar um labirinto|Nenhuma das opções acima é verdadeira.,dobrar a espessura da barreira,
T35,Módulo II – Dosimetria I,Diferentes isótopos do mesmo elemento terão números iguais de ______.,Elétrons|Prótons e elétrons|Nêutrons|Elétrons e nêutrons|Prótons e nêutrons,Elétrons,
T58,Módulo II – Dosimetria I,"Qual das alternativas seguintes é verdadeira? lodo-131 e Iodo-125 ______ Tem propriedades químicas diferentes Ter valores diferentes Z Tenha o mesmo número de nêutrons Nenhuma das alternativas acima T7- 10.  Combine a partícula elementar, como descrito pelas características abaixo, com a descrição que segue. (Respostas podem ser usadas mais de uma vez.) Massa de descanso de carga Carga	Massa de Repouso +1	0,51 MeV +1	938 MeV 0              940 MeV","1	0,51 MeV","1	0,51 MeV",
T135,Módulo II – Dosimetria I,mCi é igual a ____.,"3,7 MBq.|3,7 MBq.|37,0 MBq.|3,7 GBq.|37,0 GBq.","3,7 MBq.",
T136,Módulo II – Dosimetria I,"A unidade SI para dose absorvida, o gray (Gy), é definida como _____.",Um Coulomb por quilograma de ar.|Desintegrações por segundo.|Um joule por quilograma de matéria.|O número de partículas que atravessam uma unidade de área.|Nenhuma das opções acima é verdadeira.,Um Coulomb por quilograma de ar.,
T137,Módulo II – Dosimetria I,Qual dos seguintes tipos de ondas NÃO PODE viajar no vácuo?,Ultrassom.|Luz visível.|Raios-x.|Raios gama.|Micro-ondas.,Ultrassom.,
T138,Módulo II – Dosimetria I,"Dada uma meia-vida biológica de 6,3 horas e uma meia-vida física de 1,8 horas, _______ é a meia vida efetiva.","0,4 horas.|1,4 horas.|2,5 horas.|4,5 horas.|8,1 horas.","0,4 horas.",
T139,Módulo II – Dosimetria I,A constante de decaimento  está relacionada com a meia-vida (t1/2) pela seguinte fórmula:  = ______.,"0,693 x t1/2.|t1/2/0,693.|1 / (0,693 x t1/2).|0,693/t1/2.|0.693 / (1 -t1/2)","0,693 x t1/2.",
T140,Módulo II – Dosimetria I,192Ir decai principalmente por _____ e emite gamas com uma energia média de ____ keV.,Emissão _ ; 38|Captura eletrônica; 38|Emissão _ ; 380|Captura eletrônica; 380|Emissão + ; 380,Emissão _ ; 38,
T143,Módulo II – Dosimetria I,Qual das seguintes é uma partícula fundamental (ou elementar)?,Nêutron|Proton|Alfa|Todas as opções acima estão corretas|Nenhuma das opções acima estão corretas,Nêutron,
T144,Módulo II – Dosimetria I,As normas que definem a quantidade mínima necessária de filtração inerente a ser usada em tubos de raios X são destinadas a ______ .,Aumentar o contraste da imagem|Reduzir a dose na pele do paciente|Aumentar a vida útil do tubo de raios-x|Permitir tensão de tubo reduzida|Reduzir a mancha quântica,Aumentar o contraste da imagem,
T145,Módulo II – Dosimetria I,Vácuo insuficiente dentro do tubo de raios X pode levar a _____ .,Contraste de imagem reduzido|Aumento da dose do paciente|Arco Voltaico|Aumento da vida útil do tubo de raios X|A necessidade de aumentar a tensão do tubo|Elétrons; cátodo|Elétrons; ânodo|Raios-x; cátodo|Raios-x; ânodo|Nenhuma das opções acima é verdadeira.|Maior que; aumenta|Maior que; diminui|O mesmo que; mantém|Menor que; aumenta|Menor que; diminui|Contínuas; discretas|Discretas; Contínuas|Contínuas; contínuas|Discretas; discretas|Nenhuma das opções acima|Aumentar a modulação de intensidade|Aumentar a taxa de dose|Reduzir a blindagem da sala|Reduzir a energia do feixe|Rumentar a energia do feixe,Contraste de imagem reduzido,
T150,Módulo II – Dosimetria I,"Comparado a um feixe com perfil plano de 6 MV, um feixe sem filtro achatador (FFF) terá energia média _____ e uma _____ profundidade de máximo.","Maior; maior|Maior; menor|Menor; maior|Menor; menor|Igual; Igual|Um MLC binário|Um scanner heilical de TC|Blindagem de raios-x integrada|Todas as afirmativas acima são verdadeiras|Nenhuma das opções acima é verdadeira|Considerações de segurança, como possibilidades de colisão|A necessidade de precisão na localização do isocentro|As taxas de dose de linac são muito altas para permitir uma velocidade de rotação mais rápida|Todas as afirmativas acima são verdadeiras.|Nenhuma das opções acima é verdadeira.",Maior; maior,
T153,Módulo II – Dosimetria I,Os Jaws do Linac foram abertos no tamanho máximo de campo de 40 cm por 40 cm. O campo de luz mostrou que todos os cantos do campo estavam bloqueados em cerca de 2 cm. Isso foi devido a.,Desalinhamento do alvo do fóton|Fraca coincidência de luz vs radiação|Limitação do tamanho do campo pelo colimador primário|Calibração incorreta das posições do Jaws|Defeito do Jaws,Desalinhamento do alvo do fóton,
T154,Módulo II – Dosimetria I,A entrega do feixe de tratamento é interrompida temporariamente durante _____ .,Varredura CBCT kV|SRS quando o linac superaquece|IMRT usando MLC dinâmico quando as lâminas não atingiram a posição desejada|O Mode-up do próximo campo de tratamento|Todas as opções acima,Varredura CBCT kV,
T155,Módulo II – Dosimetria I,"Dos seguintes, _____ é/não é um produto do decaimento do 60Co.",Raios gama|Ni60|Partículas beta|Anti-neutrino|Partículas alfa,Raios gama,
T156,Módulo II – Dosimetria I,"O coeficiente de atenuação linear dado um HVL de 0,693 cm é:","0,48cm-1|1,00 cm-1|1,44 cm-1|2,08 cm-1|2,71cm-1","0,48cm-1",
T157,Módulo II – Dosimetria I,"A espessura de chumbo necessária para reduzir a exposição de uma fonte pontual de Cs137 em 70% (HVL - 0,65 cm) é _____ .","0,1cm|b. 0,3cm|c. 0,7 cm|1,1cm|1,4 cm","0,1cm",
T158,Módulo II – Dosimetria I,"Em comparação com os feixes MV, os feixes kV demonstram um contraste anatômico ósseo superior devido ao _____ .",Aumento da contribuição do espalhamento Compton|Aumento da contribuição do efeito fotoelétrico|Aumento da contribuição da produção de pares|Melhor resolução espacial dos detectores de kV|Maiores pontos focais em sistemas de imagem MV,Aumento da contribuição do espalhamento Compton,
T159,Módulo II – Dosimetria I,Qual das seguintes curvas representa a produção de pares:,A|B|C|D|E,A,
T160,Módulo II – Dosimetria I,Qual é a relação correta entre o coeficiente de transferência de energia em massa (tr/) e o coeficiente de absorção de energia em massa (en/)?,tr/≥ en/|tr/en/|tr/ ≤ en/|Pode ser qualquer uma das opções acima.|Não pode ser determinado a partir das informações fornecidas.,tr/≥ en/,
T161,Módulo II – Dosimetria I,"Com base na figura abaixo, o material atenuante mais provável é:",Água|Carbono|Chumbo|Acrílico|Hélio,Água,
T162,Módulo II – Dosimetria I,Um fóton de 40 keV sofre uma interação fotoelétrica com um átomo com energias de ligação de elétrons de 20 keV e 50 keV. Qual é a energia cinética possível do fotoelétron?,20 keV ou 50 keV|20 keV ou 10 keV|50 keV|10 keV|20 keV,20 keV ou 50 keV,
T163,Módulo II – Dosimetria I,"Um fóton tem uma interação Compton com um elétron. Tomando a direção inicial do fóton como 0°, qual é a faixa de direções possíveis do elétron espalhado?",0-45°|0-60°|0-90°|10-100°|30-180°,0-45°,
T164,Módulo II – Dosimetria I,___Absorverá a maior dose quando exposto a uma fluência idêntica de raios-X de 15 MV.,Músculo|Osso|Gordura|Cérebro|Pulmão,Músculo,
T165,Módulo II – Dosimetria I,A penumbra geométrica aumenta conforme o tamanho da fonte _____ e conforme a distância fonte-superfície ______ .,diminui; diminui|diminui; aumenta|diminui; continua o mesmo|aumenta; diminui|aumenta; aumenta,diminui; diminui,
T166,Módulo II – Dosimetria I,O curie (Ci) é uma unidade de radioatividade baseada na atividade de 1 grama de _____. 1 Ci = 37 _____.,U-235; Bq|U-235; MBq|Ra-226; Bq|Ra-226; MBq|Ra-226; GBq,U-235; Bq,
T167,Módulo II – Dosimetria I,As interações de Bremsstrahlung resultam do elétron _____.,colisões inelásticas com elétrons atômicos|colisões inelásticas com núcleos atômicos|colisões elásticas com núcleos atômicos|colisões elásticas com elétrons atômicos|captura,colisões inelásticas com elétrons atômicos,
T168,Módulo II – Dosimetria I,Uma unidade de massa atômica (uma) é definida como _____.,a massa de um átomo de aH|1/12 da massa de um H|a massa de um próton|1/12 da massa de um C|a massa de um átomo de C,a massa de um átomo de aH,
T169,Módulo II – Dosimetria I,A taxa de decaimento do Ir-192 é de aproximadamente _____ % por _____.,1; dia|1; mês|1; ano|10; dia|10; mês,1; dia,
T170,Módulo II – Dosimetria I,Por que não existem isótopos naturais com número atômico maior que 92?,"Eles não podem ser produzidos por qualquer meio.|Eles exigiriam muitos elétrons orbitais para serem estáveis.|Eles seriam quimicamente instáveis.|Eles existem, mas suas meias-vidas são muito curtas para existirem naturalmente.|A força atrativa de Coulomb entre prótons é muito forte.",Eles não podem ser produzidos por qualquer meio.,
T171,Módulo II – Dosimetria I,"No seguinte, P é o isótopo pai e D é a filha: P decai para  D isso é um exemplo de _____.",decaimento α|decaimento β+|decaimento β−|transição isomérica|fissão,decaimento α,
T172,Módulo II – Dosimetria I,"Um feixe monoenergético de fótons de 40 keV interage com uma folha de metal e produz fotoelétrons de 20 keV e 30 keV. Antes da interação, quais são as energias de ligação desses elétrons?",20 keV e 10 keV|30 keV e 10 keV|30 keV e 20 keV|60 keV e 30 keV|70 keV e 60 keV,20 keV e 10 keV,
T173,Módulo II – Dosimetria I,"Um radiofármaco tem meia-vida física (Tp) e meia-vida biológica (Tb). Qual das seguintes afirmações é verdadeira sobre a relação entre a meia-vida efetiva (Teff), Tp e Tb?",Teff = Tp – Tb|Tp > Teff e Tb > Teff|Teff > Tp  > Tb|Teff  > Tp  e Teff > Tb|Teff  = Tp + Tb,Teff = Tp – Tb,
T174,Módulo II – Dosimetria I,Complete a equação de decaimento:  Sr →  Y + ______,β+ anti-neutrino|β + nêutron|β + neutrino|anti-neutrino|+ nêutron,β+ anti-neutrino,
T175,Módulo II – Dosimetria I,"Um tratamento de raios-x superficial usando raios-x de 100 kV é prescrito para a superfície da pele. É utilizado um cone circular de 4 cm com saída calibrada. Uma máscara de chumbo é fabricada para expor apenas a área de tratamento desejada, que é menor que o cone. Que informações adicionais são necessárias para calcular o tempo de ativação do feixe?",o coeficiente de atenuação linear para chumbo|o coeficiente de atenuação de massa para chumbo|a temperatura e a pressão ambiente no momento do tratamento|os fatores de retroespalhamento para o cone e recorte de chumbo|O percentual de dose profunda a 10 mm,o coeficiente de atenuação linear para chumbo,
T176,Módulo II – Dosimetria I,"Um feixe de raios X de quilovoltagem de amplo espectro tem uma intensidade de I0. Uma folha de Al de 2 mm é colocada no feixe e a intensidade é reduzida a metade de I0. Uma folha adicional de Al é adicionada ao feixe, reduzindo a intensidade para um quarto de I0. Qual é a espessura desta segunda folha (em mm)?","0,6931|1,0|1,44|2|>2","0,6931",
T177,Módulo II – Dosimetria I,O uso do pequeno ponto focal em um tubo de raios X tem as seguintes vantagens:,Melhor resolução espacial|Vida útil do tubo mais longa|Redução da dose do paciente|Redução de artefatos de movimento|Todas as afirmativas acima são verdadeiras.,Melhor resolução espacial,
T178,Módulo II – Dosimetria I,O controle automático de brilho no modo de fluoroscopia de um sistema de imagem kV montado no gantry pode modificar os seguintes parâmetros:,kV e mAs|Tamanho do ponto focal e kV|Tamanho do ponto focal e mAs|Tamanho do ponto focal e distância do gerador de imagens|Distância fonte-imagem e mAs,kV e mAs,
T179,Módulo II – Dosimetria I,Os elétrons são produzidos no canhão de elétrons de um linac através do processo físico conhecido como _____.,Emissão termiônica|Efeito Compton|Emissão fotoelétrica|Efeito Hall|Aumento de massa relativista,Emissão termiônica,
T180,Módulo II – Dosimetria I,A principal vantagem dos feixes de fótons sem filtro achatador (FFF) é _____.,Menor dose na pele|Menor tempo de tratamento|Dose de nêutrons mais baixa|Dose de PTV mais uniforme|Um campo de tratamento maior pode ser usado,Menor dose na pele,
T181,Módulo II – Dosimetria I,"Por que os linacs que fornecem >10 MV exigem ímãs de flexão, mas os linacs de baixa energia (por exemplo, apenas 6 MV) não?","O tubo de aceleração para linacs >10 MV é muito longo.|Linacs ≥10 MV geralmente também têm terapia de feixe de elétrons, e os tratamentos de elétrons requerem um ímã de flexão.|Os ímãs de flexão proporcionam um controle de taxa de dose mais estável para raios X de alta energia.|Todas as afirmativas acima são verdadeiras.|Nenhuma das opções acima é verdadeira.",O tubo de aceleração para linacs >10 MV é muito longo.,
T182,Módulo II – Dosimetria I,"À medida que o linac é trocado de 10 MV para 15 MV de entrega de fótons, o número de nêutrons produzidos _____ e a energia média de nêutrons _____.",Aumenta; aumenta significativamente|Aumenta; diminui significativamente|Aumenta; aumenta ligeiramente|Diminui; aumenta ligeiramente|Diminui; diminui ligeiramente,Aumenta; aumenta significativamente,
T183,Módulo II – Dosimetria I,"Em uma interação Compton, o fóton espalhado será emitido com um ângulo, φ, em relação à direção do fóton incidente. O ângulo espalhado φ pode variar de _____ graus.",0 a 45|0 a 90|0 a 180|45 a 90|90 a 180,0 a 45,
T184,Módulo II – Dosimetria I,"A taxa de dose aumenta por um fator de 2 depois que um atenuador de feixe é removido. Se o atenuador tiver um coeficiente de atenuação linear de 0,25 cm–1, sua espessura será:","1,7 cm|2,8 cm|4,2 cm|5,5 cm|8,0 cm","1,7 cm",
T185,Módulo II – Dosimetria I,"Em uma interação Compton, a direção do fóton que entra define 0 graus. À medida que o ângulo do elétron espalhado aumenta, sua energia _____. À medida que o ângulo do fóton espalhado aumenta, sua energia _____.","aumenta; diminui|aumenta; continua o mesmo|diminui; aumenta|diminui; diminui|diminui, permanece o mesmo",aumenta; diminui,
T186,Módulo II – Dosimetria I,"Dado um material com coeficiente de atenuação de massa de 0,0329 cm2/g e densidade de 1,2 g/cm3, que espessura do material é necessária para criar um bloco de transmissão parcial que forneça 85% da dose de campo aberto?",1 cm|2 cm|4 cm|8 cm|10 cm,1 cm,
T187,Módulo II – Dosimetria I,Qual das seguintes é uma partícula diretamente ionizante?,Nêutron|Elétron|Fóton|Todas as afirmativas acima são verdadeiras.|Nenhuma das opções acima é verdadeira,Nêutron,
T188,Módulo II – Dosimetria I,Os nêutrons são produzidos em feixes de raios X de alta energia por _____.,Espalhamento coerente|Efeito fotoelétrico|Efeito Compton|Produção de pares|Fotodesintegração,Espalhamento coerente,
T189,Módulo II – Dosimetria I,"Dados dois filtros, um de alumínio (Al) e outro de cobre (Cu), cada um com 1 HVL de espessura para um feixe de 125 kVp, qual das seguintes alternativas é verdadeira?",O filtro Cu atenua mais fótons.|O filtro de Cu é mais espesso.|A qualidade do feixe atenuado de 125 kVp será a mesma para ambos os filtros.|Ambos os filtros atenuaram a mesma intensidade de fótons.|Nenhuma das opções acima é verdadeira.,O filtro Cu atenua mais fótons.,
T190,Módulo II – Dosimetria I,"Um fóton incidente tem uma energia de 5 MeV e sofre uma interação de produção de pares, produzindo um par pósitron-elétron. A energia cinética combinada deste par será _____ MeV.","0|0,511|1.022|3.978|4.489",0,
T191,Módulo II – Dosimetria I,As dimensões da dose (Gy) são _____.,kg|kg m/s|kg m2/s2|J/kg|J kg,kg,
T192,Módulo II – Dosimetria I,O número de partículas incidentes sobre uma esfera de área de seção transversal ΔA é a definição de _____.,KERMA|fluência de energia|taxa de fluência de energia|fluência|taxa de fluência,KERMA,
T193,Módulo II – Dosimetria I,"Um feixe de 137Cs calibrado tem uma taxa de exposição de 2000 R/h a 100 cm da fonte. Dado que 137Cs tem uma atividade específica de 88 Ci/g e uma constante de taxa de exposição de 3,43 R cm2 / (mCi h), qual é a massa de 137Cs na fonte?","0,33 g|0,66 g|33 g|66 g|330 g","0,33 g",
T194,Módulo II – Dosimetria I,O joule (J) é a unidade SI para _____ e 1 Gy = _____.,dose; J/kg|dose; (Jkg)2|dose; Jkg|energia; J/kg|energia; (Jkg)2,dose; J/kg,
T195,Módulo II – Dosimetria I,A taxa de decaimento do 60Co é de aproximadamente _____% por _____.,1; dia|1; mês|1; ano|10; dia|10; mês,1; dia,
T196,Módulo II – Dosimetria I,"A seguir, é o isótopo pai e  é o filho. Exemplo de _____.",decaimento α|decaimento β+|decaimento β-|transição isomérica|fissão,decaimento α,
T198,Módulo II – Dosimetria I,"Em uma reação nuclear, a massa total das partículas finais é 0,0015 u.m.a MENOS que a das partículas iniciais. Esta reação resulta em _____MeV de energia _____.","0,75; liberado|0,75; absorvido|1,40; liberado|1,40; absorvido|0; liberado","0,75; liberado",
T199,Módulo II – Dosimetria I,"Se h é a constante de Planck e c é a velocidade da luz, a relação entre energia (E) e comprimento de onda (λ) é _____.",E = h λ / c|E = h c / λ|E = λ c / h|E = λ/hc|E = c/h λ,E = h λ / c,
T200,Módulo II – Dosimetria I,"Para isótopos estáveis ​​com massa atômica de 20 ou menos, a razão de nêutrons para prótons é quase _____.",1:1|1:2|1:3|2:1|3:1,1:1,
T201,Módulo II – Dosimetria I,As energias de ligação dos elétrons no tungstênio são 70 keV na camada K e 11 keV na camada L. _____ é a energia mínima necessária para os elétrons incidentes excitarem uma emissão Kα de um alvo de tungstênio?,81 keV|70 keV|59 keV|11 keV|0 keV,81 keV,
T202,Módulo II – Dosimetria I,A saída de um tubo de raios X _____ com o aumento da_____do tubo.,aumenta quadraticamente: corrente|aumenta linearmente: corrente|aumenta linearmente: tensão|é independente da tensão do tubo|é independente da corrente do tubo,aumenta quadraticamente: corrente,
T203,Módulo II – Dosimetria I,A produção de raios X característico compete com a produção de _____.,bremsstrahlung|Elétron Auger|fotoelétron|Raio-x espalhado por Compton|par elétron/pósitron,bremsstrahlung,
T204,Módulo II – Dosimetria I,A filtração inerente em um tubo de raios X diagnóstico vem de _____ e geralmente é especificada em termos de _____.,chapas metálicas colocadas no feixe de raios X; equivalente a mm Cu|chapas metálicas colocadas no feixe de raios X; mm Al equivalente|chapas metálicas colocadas no feixe de raios X; mm Zn equivalente|componentes no próprio tubo de raios X; equivalente a mm Cu|componentes no próprio tubo de raios X; mm Al equivalente,chapas metálicas colocadas no feixe de raios X; equivalente a mm Cu,
T205,Módulo II – Dosimetria I,O ânodo de um tubo de raios X deve ter _____.,baixo número atômico|alto ponto de fusão|um filamento aquecido|Todas as afirmativas acima são verdadeiras.|Nenhuma das opções acima é verdadeira.,baixo número atômico,
T207,Módulo II – Dosimetria I,As vantagens de um ímã de flexão de 270o em um acelerador linear incluem _____.,menor tamanho do ponto de elétron no alvo de raios-X|maior energia do feixe de elétrons|energia média de raios-x mais alta|menos custo e complexidade na construção do linac|Todas as afirmativas acima são verdadeiras.,menor tamanho do ponto de elétron no alvo de raios-X,
T208,Módulo II – Dosimetria I,Os feixes de fótons sem filtro achatador (FFF) produzem _____ em comparação com os feixes achatados da mesma energia.,taxas de dose mais altas|energias médias mais baixas do feixe|intensidades de fótons mais altas no eixo central em comparação com a periferia do feixe|Todas as afirmativas acima são verdadeiras.|Nenhuma das opções acima é verdadeira.,taxas de dose mais altas,
T209,Módulo II – Dosimetria I,Qual das seguintes afirmações sobre unidades de tratamento guiadas por RM é FALSA?,A fonte de radiação pode ser uma fonte de 60Co ou um acelerador linear.|Pacientes com implantes metálicos podem ser tratados em uma unidade guiada por RM.|Há uma capacidade reduzida de usar coices de mesa do que está disponível em um linac convencional.|Todas as afirmativas acima são verdadeiras.|Nenhuma das opções acima é verdadeira.,A fonte de radiação pode ser uma fonte de 60Co ou um acelerador linear.,
T210,Módulo II – Dosimetria I,A eficiência de produção de Bremsstrahlung aumenta com _____ número atômico alvo e _____ energia eletrônica incidente.,"aumentando, aumentando|aumentando, diminuindo|crescente, é independente de|diminuindo, aumentando|diminuindo, diminuindo","aumentando, aumentando",
T211,Módulo II – Dosimetria I,Qual das seguintes afirmações sobre a produção de fótons kV e MV é FALSA?,A produção de fluência de fótons MV é mais direcionada para a frente.|A maioria dos feixes MV utilizam alvos de transmissão.|Os feixes kV e MV experimentam o efeito de calcanhar.|Os raios X kV e MV podem ser criados acelerando elétrons através de um potencial elétrico e atingindo um alvo.|As fontes kV utilizam um ânodo rotativo.,A produção de fluência de fótons MV é mais direcionada para a frente.,
T212,Módulo II – Dosimetria I,"Quando um feixe de fótons polienergéticos atravessam um material homogêneo, a primeira camada semi-redutora é _____ a segunda camada semi-redutora.","sempre menor que|menor para materiais de alta densidade, mas maior para materiais de baixa densidade do que|sempre igual a|maior para materiais de alta densidade, mas menor para materiais de baixa densidade do que|sempre maior que",sempre menor que,
T213,Módulo II – Dosimetria I,Qual é o número de Hounsfield de um material com um coeficiente de atenuação que é o dobro da água?,250|500|1000|1500|2000,250,
T214,Módulo II – Dosimetria I,É mais provável que um feixe de elétrons interaja com o _____ de um átomo.,elétrons da camada interna|elétrons da camada externa|núcleo|próton|nêutron,elétrons da camada interna,
T215,Módulo II – Dosimetria I,Marcadores fiduciais de ouro são facilmente visualizados em tomografias devido a _____.,espalhamento coerente|efeito fotoelétrico|Espalhamento Compton|produção de pares|desintegração fotonuclear,espalhamento coerente,
T216,Módulo II – Dosimetria I,"Definindo a direção de deslocamento do fóton incidente como 0 graus, qual dos seguintes ângulos de deflexão NÃO é possível para o fóton espalhado Compton?",0 graus|90 graus|135 graus|180 graus|Todos os ângulos são permitidos.,0 graus,
T217,Módulo II – Dosimetria I,A produção de pares é um processo pelo qual um fóton interage com _____:,um elétron orbital fortemente ligado|um elétron essencialmente livre|o campo nuclear de Coulomb|os nêutrons no núcleo|Nenhuma das opções acima é verdadeira.,um elétron orbital fortemente ligado,
T218,Módulo II – Dosimetria I,"Para campos de fótons, a penumbra geométrica diminui se _____ distância fonte-colimação e ______com a distância fonte-superfície.",aumenta; aumenta|aumenta; diminui|diminui; aumenta|diminui; diminui,aumenta; aumenta,
T234,Módulo II – Dosimetria I,"Sob as condições de equilíbrio de partículas carregadas, a dose absorvida é ____ ao KERMA _____.","Menor que; colisão|Igual a; colisão|Igual a; radiativo|Maior, que; colisão|Maior, que; total",Menor que; colisão,
T235,Módulo II – Dosimetria I,Qual das seguintes opções requer consideração especial ao usar o AAPM TG-51 para calibração de feixes sem filtro aplanador (FFF)?,Recombinação de íons na câmara de ionização do usuário.|Volume de coleta da câmara de ionização do usuário.|Os efeitos da contaminação eletrônica na determinação da qualidade do feixe.|Todas as afirmativas acima são verdadeiras.|Nenhuma das opções acima é verdadeira.,Recombinação de íons na câmara de ionização do usuário.,
T236,Módulo II – Dosimetria I,A correção de temperatura-pressão (TPC) refere-se à mudança no(a) ______ resultante da temperatura e variações de pressão.,Rendimento do Linac|Taxa de dose HDR|Taxa de dose de Teleterapia com Co60|Fator de calibração de TLD|Rendimento da câmara de íonização,Rendimento do Linac,
T237,Módulo II – Dosimetria I,"A(s) vantagem(s) de se  usar uma câmara de ionização cilíndrica de maior volume (0,6 cc versus 0,1 cc) é/são _____ .",Menos ruído de medição|Maior penumbra medida|Precisão aprimorada da medição do fator de saída de campo SRS|Todas as afirmativas acima são verdadeiras.|Nenhuma das opções acima é verdadeira.,Menos ruído de medição,
T238,Módulo II – Dosimetria I,"O ponto de medição efetivo para medições de dose de profundidade de fóton com uma câmara de ionização cilíndrica é _______ a partir do centro da câmara por 0,6 multiplicado pelo(a) ______ cavidade.",ligeiramente abaixo; raio|ligeiramente abaixo; comprimento|ligeiramente acima; raio|ligeiramente acima; comprimento|Nenhuma das opções acima é verdadeira.,ligeiramente abaixo; raio,
T239,Módulo II – Dosimetria I,"De acordo com o protocolo AAPM TG-51, câmaras planas paralelas devem ser usadas para feixes de elétrons com energias incidentes de ______ MeV ou menos.",4|6|10|12|15,4,
T240,Módulo II – Dosimetria I,O uso de bólus para build-up sobre dosímetros luminescentes estimulados opticamente NÃO é apropriado ao avaliar _______.,Uniformidade da dose de TBI|Uniformidade da dose de TSET|Dose de marcapasso|Dose fetal|Verificação de dose IMRT in vivo,Uniformidade da dose de TBI,
T241,Módulo II – Dosimetria I,"Das seguintes qualidades, _____ é a MAIS importante na confecção de um fantoma de água para uso em um feixe de fótons MV.",Mesmo calor específico|Mesmo ponto de fusão|Mesmo módulo de elasticidade|Mesma densidade eletrônica|Mesmo número atômico efetivo,Mesmo calor específico,
T245,Módulo II – Dosimetria I,Qual é a finalidade do eletrômetro quando usado com uma câmara de ionização?,Mede a carga produzida na câmara de ionização.|Aplica o fator de correção de temperatura.|Aplica o fator de correção de pressão.|Fornece fator de calibração da câmara de ionização.|Nenhuma das opções acima é verdadeira.,Mede a carga produzida na câmara de ionização.,
T246,Módulo II – Dosimetria I,"De acordo com o AAPM Task Group 51 (o protocolo para dosimetria de referência para feixes de fótons e elétrons de alta energia), a leitura bruta da câmara de ionização precisa ser corrigida para _____.",Temperatura e pressão|Eficiência de coleta de íons incompleta|Fator de calibração do eletrômetro|Todas as afirmativas acima são verdadeiras.|Nenhuma das opções acima é verdadeira.,Temperatura e pressão,
T247,Módulo II – Dosimetria I,"De acordo com o AAPM Task Group 51, a dosimetria de referência clínica deve ser realizada em um simulador _____.",Água|Poliestireno|Acrílico|Todas as afirmativas acima são verdadeiras.|Nenhuma das opções acima é verdadeira.,Água,
T248,Módulo II – Dosimetria I,Qual dos seguintes é/são característica(s) de dosímetros luminescentes opticamente estimulados (OSLD)?,OSLD só pode ser lido uma vez.|O desvanecimento do sinal ocorre após a irradiação.|A leitura de OSLD ocorre sob condições de alta temperatura.|Todas as afirmativas acima são verdadeiras.|Nenhuma das opções acima é verdadeira.,OSLD só pode ser lido uma vez.,
T249,Módulo II – Dosimetria I,"Dado que I0 é a intensidade da luz antes de passar por um filme e I é a intensidade da luz depois de passar por um filme, como é definida a densidade óptica (OD)?",Log10(I0 + I)|Log10(I0 - I)|Log10(I0 × I)|Log10(I0/I)|Log10[(I0 + I ) / (I0 - I )],Log10(I0 + I),
T250,Módulo II – Dosimetria I,"Em um feixe de fótons de megavoltagem, KERMA é maior que a dose _____",na região de buikdup|além do ponto de equilíbrio eletrônico|em dmax|além da faixa máxima de elétrons secundários|Nenhuma das opções acima é verdadeira.,na região de buikdup,
T251,Módulo II – Dosimetria I,O número (dN) de partículas incidentes em uma esfera de área de seção transversal (dA) é o _____.,Dose absorvida|Fluência|Fluência de energia|Poder de parada linear|Stopping Power em massa,Dose absorvida,
T252,Módulo II – Dosimetria I,Qual dos seguintes é uma DESVANTAGEM dos dosímetros luminescentes opticamente estimulados (OSLD)?,Eles têm dependência de dose não linear.|Eles não podem fornecer dosimetria em tempo real.|Eles são dependentes de energia na faixa de energia do fóton MV.|Eles são sensíveis à taxa de dose.|Eles são sensíveis à temperatura.,Eles têm dependência de dose não linear.,
T253,Módulo II – Dosimetria I,A maneira mais prática de medir a dose de radiação no marcapasso é com _____.,um medidor de nêutrons|uma câmara de ionização cilíndrica|uma câmara de extrapolação|filme radiocrômico|um dosímetro luminescente estimulado opticamente,um medidor de nêutrons,
T254,Módulo II – Dosimetria I,"No Task Group 51 da AAPM, o fator de correção para a leitura da câmara bruta para eficiência de coleta incompleta é _____.",Pion|PTP|Pelec|Ppol|Mraw,Pion,
T255,Módulo II – Dosimetria I,"Se os valores de transmissão para filmes radiocrômicos expostos a 0 cGy e 275 cGy são 5000 e 500, respectivamente, qual é a densidade óptica líquida correspondente a 275 cGy?","0,55|1,00|1,26|2,00|Isso não pode ser determinado a partir das informações fornecidas.","0,55",
T256,Módulo II – Dosimetria I,Qual detector é mais preciso para medições dosimétricas de campos de fótons pequenos (entre 1x1 e 3x3 cm2)?,"Câmara de placas paralelas|Câmara farmer|Câmara de ionização free air|Câmara, tipo poço|Diodo de silício",Câmara de placas paralelas,
T257,Módulo II – Dosimetria I,Colocar um único dosímetro in vivo no ponto de prescrição para um tratamento de TCE pode verificar que _____.,o paciente está próximo ao SSD pretendido|o médico prescreveu a dose correta|a homogeneidade da dose é a esperada|Todas as afirmativas acima são verdadeiras.|Nenhuma das opções acima é verdadeira,o paciente está próximo ao SSD pretendido,
T258,Módulo II – Dosimetria I,O portal dosimérico é realizada usando _____.,um detector de imagem MV|um detector de imagem kV|uma matriz de diodos|uma matriz de câmara de ionização|um diodo luminescente estimulado opticamente,um detector de imagem MV,
T266,Módulo III – Dosimetria II,"Os fatores de saída medidos com uma câmara convencional estilo Farmer para campos pequenos (0,5 x 0,5 cm2 - 2 x 2 cm2) resultarão em doses administradas que são _____ .",Superior ao esperado|Abaixo do esperado|Como esperado|Isso não pode ser determinado a partir das informações fornecidas.,Superior ao esperado,"Comentário: A medida rendimento será menor do que o rendimento verdadeiro devido ao fato de que parte da câmara de íons estará na penumbra dos campos. Portanto, a MU calculada e a dose entregue serão maiores do que o esperado."
T267,Módulo III – Dosimetria II,"Espera-se que um acelerador linear forneça 1 cGy/MU a uma taxa de dose de 300 MU/min para um tratamento 3DCRT. No entanto, ele realmente fornece 1 cGy/MU a 303 MU/min. A dose realmente administrada aos pacientes será, como resultado, _____.",3% baixo|1% baixo|correto (nenhum erro na dose será entregue)|1% alto|3% de alta,3% baixo,"Comentário: Uma unidade monitora representa a quantidade de carga registrada na câmara de ionização montada na cabeça do acelerador linear, que se correlaciona com uma dose de 1 cGy entregue a um fantoma de água em condições de referência.  Quando a taxa de dose (MU/min) mudar, o tempo de tratamento mudará de acordo.  Se a MU correta for entregue durante o tratamento, a dose entregue estará correta. O MU/min no linac durante a entrega tratamento varia um pouco (para 300 MU/min, algo como 300 +3 MU). É por isso que um tratamento linac é medido em MU, não com um temporizador. A teleterapia de cobalto for, a taxa de dose (cGy/min) é constante durante uma sessão de tratamento, razão pela qual um temporizador pode ser usado."
T268,Módulo III – Dosimetria II,A ferramenta mais adequada para medir o fator de saída para um corte de elétrons de baixa energia 10 x 10 cm2 é _____.,um medidor de levantamento|uma câmara de ionização cilíndrica|uma câmara de ionização de placas paralelas|filme radiográfico|um dosímetro termoluminescente,um medidor de levantamento,
T269,Módulo III – Dosimetria II,"No Task Group 51 da AAPM, o fator de correção para a leitura da câmara bruta para eficiência de coleta incompleta é _____.",Pion|PTP|Pelec|Ppol|Mraw,Pion,
T270,Módulo III – Dosimetria II,"Se um feixe de 6 MV é calibrado 1 cGy = 1 MU em d = 1,5 cm, 100 cm SAD, mas as tabelas de dados do feixe são acidentalmente rotuladas como 1 cGy = 1 MU em d = 1,5 cm, 100 cm SSD. Como resultado deste acidente, a dose administrada será sistematicamente _____ do que o esperado. R. 1,5% mais","1,5% menos|3% mais|3% menos|Não se pode dizer a partir dos dados fornecidos.","1,5% menos","Comentário: A d = 1,5 cm, 100 SSD, 1 MU entregará 0,97 cGy devido à lei do inverso do quadrado da distância. Se as tabelas de dados informarem indevidamente que 1 cGy está sendo entregue nessas condições, cada cálculo de MU resultará em uma dose entregue 3% menor do que o esperado."
T271,Módulo III – Dosimetria II,Qual dos seguintes testes de dosimetria em comissionamento seria mais útil para determinar o limite para o número mínimo de unidades monitoras permitidas para um subcampo individual dentro de uma entrega step-and-shoot?,calibração de saída da máquina|constância do perfil do feixe|Linearidade MU|saída vs. ângulo do gantry|Velocidade MLC,Linearidade MU,Comentário: Os testes de linearidade MU determinariam as unidades mínimas de monitores entregues nas quais a razão de dose para as unidades monitoras é consistente.
T272,Módulo III – Dosimetria II,"Para feixes de fótons de megavoltagem, à medida que a energia aumenta, o comprimento da região de buildup _____ e a dose de superfície em relação a dmax _____.",aumenta; aumenta|aumenta; diminui|aumenta; continua o mesmo|diminui; aumenta|diminui; diminui,aumenta; aumenta,
T283,Módulo III – Dosimetria II,"Na região de buildup do feixe de fótons, há _____ equilíbrio de partículas carregadas e o tamanho da região de buildup _____ à medida que a energia do feixe aumenta.",transiente; aumenta|transiente; diminui|falta de; aumenta|falta de; diminui|cheio; diminui,transiente; aumenta,
T284,Módulo III – Dosimetria II,"Dadas as doses pontuais máximas (Dmax) e mínimas (Dmin) em um perfil de feixe dentro dos 80% centrais do campo, calcula-se a ______ do feixe usando (Dmax - Dmin) / (Dmax + Dmin) x 100.",Porcentagem de dose de profundidade|Proporção máxima de tecido|Simetria|Planura|razão fora do eixo,Porcentagem de dose de profundidade,
T285,Módulo III – Dosimetria II,A energia de um feixe de elétrons cujo nível de ionização de 90% ocorre a 5 cm de profundidade é _______ .,6 MeV|9 MeV|12 MeV|16 MeV|20 MeV,16 MeV,"Comentário: A regra geral é que a ionização de 90% ocorre em E/3.2.  Neste caso, E/3,2 = 5 cm. Portanto, E = 3,2 x 5 = 16 MeV."
T286,Módulo III – Dosimetria II,"Estime a profundidade de 90% de um feixe de elétrons de 10x10 cm2 9 MeV levando em consideração o fato de que ele percorre 0,5 cm de bolus antes de entrar no paciente.","1,80 cm|2,30 cm|2,80 cm|4,00 cm|4,50 cm","1,80 cm","Comentário: A profundidade de  90% de um feixe  de elétrons  é aproximadamente a energia dividida por 3,2, então para um 9 Feixe de MeV, 9 / 3,2 = 2,8 cm. Se o feixe atravessar 0,5 cm de bolus, a profundidade no paciente será de 2,8 - 0,5 = 2,3 cm."
T287,Módulo III – Dosimetria II,"A melhor energia de elétrons para tratar um alvo que está entre 1,5 cm e 2,5 cm abaixo da superfície enquanto poupa outro tecido é _____.",6 MeV|9 MeV|12 MeV|15 MeV|20 MeV,6 MeV,"Comentário: A profundidade do lado distal da linha de isodose de 90% pode ser aproximada como E/3.2 da energia de elétrons. Assim, um feixe de 9 MeV tratará aproximadamente 2,8 cm."
T288,Módulo III – Dosimetria II,"À medida que a energia do elétron aumenta, a distância entre PDD(80) e PDD(20) _____ e a contaminação por fótons _____.",aumenta; aumenta|diminui; aumenta|aumenta; diminui|diminui; diminui|Não há informações suficientes para responder à pergunta.,aumenta; aumenta,
T331,Módulo IV – Dosimetria III,Qual das opções a seguir corresponde corretamente ao ângulo de cunha WA (Wedge Angle) e ângulo de articulação HÁ (Hingle Angle) para um arranjo de par de cunhas?,WA: 30° HA: 60°|WA: 45° HA: 90°|WA: 30° HA: 90°|WA: 45° HA: 60°|WA: 30° HA: 45°,WA: 30° HA: 60°,Comentário: O ângulo de articulação é calculado: HA = 180° - 2 x WA.  Aqui: HA = 1800 - (2 x 45°) = 90°.
T332,Módulo IV – Dosimetria III,O percentual de dose profunda (PDD) de um campo 10 x 20 cm2 deverá ser similar ao campo quadrado equivalente de _______ cm2.,"11,1 x 11,1 cm2|12,2 x 12,2 cm2|13,3 x 13,3 cm2|14,4 x 14,4 cm2|15,5 x 15,5 cm2","11,1 x 11,1 cm2",Resolução:
T333,Módulo IV – Dosimetria III,Para os parâmetros apresentados ______ não afeta a dose na pele em feixes de megavoltagem quando tratado com um simples campo aberto usando a técnica SSD.,Energia|Tamanho de campo|Separações no paciente|SSD|Ângulo de Obliquidade,Energia,"Comentário: A dose da pele diminui com o aumento da energia dos fótons.   A dose da pele aumenta com o aumento do tamanho do   campo devido ao aumento dos elétrons espalhados nos colimadores.  Aumentando a distância entre o colimador e a pele, o incidente de fluência eletrônica na pele é reduzido por causa da divergência, bem como absorção e dispersão de elétrons no ar.  A dose da pele aumenta com o ângulo de incidência."
T334,Módulo IV – Dosimetria III,_____ Vai reduzir a dose integral para pacientes quando tratados por feixes MV,Diminuindo a energia do feixe MV|Aumentando o comprimento do caminho do feixe para o alvo|Diminuindo as margens de campo para tratamento|Todas as alternativas acima são verdadeiras|Nenhuma das opções acima são verdadeiras,Diminuindo a energia do feixe MV,"Comentário: Menor energia do feixe ou aumento do comprimento do caminho, ambos resultam em doses mais altas para os tecidos de entrada 4º, portanto, maior dose integral.  A diminuição das margens do campo de tratamento diminuirá a quantidade de tecido irradiado e, portanto, diminuirá a dose integral."
T335,Módulo IV – Dosimetria III,"O fator espalhamento do colimador, Sc, não depende de _________.",Confecção da fonte|Confecção do filtro aplanador|Configurações de colimador|Confecção do fantoma|Energia do feixe,Confecção da fonte,"Comentário: Sc é afetado pelos itens que afetam a quantidade de espalhamento proveniente do cabeçote da máquina, ou seja, a fonte, o filtro de achatamento e os da Jaws. Sc também é uma função de energia de feixe. Um fantasma é usado para medições de Sρ."
T336,Módulo IV – Dosimetria III,Um filtro dinâmico _______.,Tem o dedo do pé mais próximo do Jaws em movimento|Aumenta a energia média do feixe em relação a um campo aberto|Necessita da mais UM em relação a um campo aberto|Todas as alternativas acima são verdadeiras|Nenhuma das opções acima é verdadeira,Tem o dedo do pé mais próximo do Jaws em movimento,"Comentário: Um filtro dinâmico requer mais MU do que um campo aberto porque parte do campo é bloqueada pela mandíbula durante a entrega do feixe.  O ""dedo do pé"" do filtro é o lado que recebe mais radiação, por isso ocorreria no lado mais próximo da mandíbula fixa.  Um filtro dinâmico não aumenta consideravelmente a energia média do feixe, embora um filtro físico o faça."
T337,Módulo IV – Dosimetria III,"A dose no isocentro (100 cm SAD) a uma profundidade de 7cm é 300 cGy para um campo único de fótons. Dadas as seguintes TMR`s, _______ é a dose à profundidade de 4cm. TMR (d = 3) = 0,975 TMR (d = 4) = 0,949 TMR (d = 7) = 0,862 TMR (d = 11) = 0,746",290 cGy|311 cGy|320 cGy|340 cGy|351 cGy,351 cGy,"Resolução: Conhecendo a dose em um ponto, você pode calcular a dose em qualquer outro ponto usando a lei do inverso do quadrado da distância e a razão de TMRs. Neste caso, a distância de ponto de origem (SPD) a uma profundidade de 4 cm é de 97 cm. Portanto: Dd=4 = Dd=7 x (100/97)2 x (TMR(d=4)/TMR(d=7)) = 351 cGy."
T338,Módulo IV – Dosimetria III,"A dose na profundidade de 8 cm é 400 cGy para um campo simples de fótons à 100 cm em SSD. _____ é a dose a profundidade de 3 cm. PDD (d = 3) = 95% PDD (d = 4) = 86,5% PDD (d = 8) = 74.5% PDD (d = 11) = 63,5%",313 cGy|460 cGy|510 cGy|536 cGy|565 cGy,510 cGy,"Resolução: Para tratamentos SSD ao usar PDDs, conhecendo a dose em um ponto, você pode calcular a dose em qualquer outro ponto usando a razão de PDDs. Portanto: Dd=3 =Dd=8 x (PDD(d=3)/PDD(d=8)) = 510 cGy."
T339,Módulo IV – Dosimetria III,"Calcule a UM por campo necessário para entregar 250 cGy no isocentro, localizado na profundidade do ponto médio a 10 cm com pesos iguais em campos paralelos opostos com feixe de 6MV de raios-X. O tamanho de campo é 14 x 14 cm2, bloqueado ao campo equivalente 8 x 8 cm2 com o MLC. Use as seguintes informações: Condições de referência 1,0 cGy/UM, dmáx, 100 cm SAD, 10 x 10 cm2 abertura de campo.",136|154|163|308|326,136,Resolução:
T340,Módulo IV – Dosimetria III,_____ exigiria uma DIMINUIÇÃO na UM para entregar a mesma dose ao centro de um campo simples de fótons?,Aumentando o tamanho do campo do colimador|Trocar de MLC para blocos físicos|Aumentando o SSD|Todas as alternativas acima são verdadeiras|Nenhuma das opções acima é verdadeira.,Aumentando o tamanho do campo do colimador,
T341,Módulo IV – Dosimetria III,"Combine os três perfis a seguir, tomados em dmax, com a energia associada e o modo de filtro (FFF = sem filtro aplanador):",I = 6X		II = 6X-FFF		III = 10X-FFF|I = 6X-FFF		II = 6X			III = 10X-FFF|I = 6X		II = 10X-FFF		III = 6X-FFF|I = 10X-FFF		II = 6X-FFF		III = 6X|I = 6X-FFF		II = 10X-FFF		III = 6X,I = 6X		II = 6X-FFF		III = 10X-FFF,
T342,Módulo IV – Dosimetria III,O fator F de Mayneord é responsável por uma mudança no PDD com uma mudança de SSD com base em uma aplicação de _______ .,contaminação eletrônica|lei do inverso do quadrado da distância|espalhamento|atenuação|todas as opções acima,lei do inverso do quadrado da distância,Comentário: O fator F Mayneord corrige a mudança no PDD à medida que o SSD é alterado por uma aplicação rigorosa da lei do inverso do quadrado da distância sem considerar mudanças na dispersão.
T343,Módulo IV – Dosimetria III,O Jaws superior do campo espinhal posterior para tratamento de CSI é de 10 cm. Um ângulo de graus do colimador é necessário para os campos cerebrais laterais (100 SAD) para explicar a divergência do campo espinhal.,2.9|5.7|7.1|100|13.4,2.9,"Comentário: Os ângulos do colimador precisarão ser Ɵ = tan-1 (10/100) = 5,7 graus."
T344,Módulo IV – Dosimetria III,"Qual das seguintes grandezas, se houver, será alterada pela adição de uma máscara de chumbo que bloqueia uma porção significativa de um feixe de raios X superficial de 100 kVp usando um cone de 4 cm?","Rendimento e HVL|Rendimento e PDD|PDD e HVL|Rendimento, PDD e HVL|Nenhuma dessas gradezas mudará.",Rendimento e HVL,"Comentário: A saída será reduzida porque o fator de espalhamento traseiro é menor para um feixe menor. Como de costume, o PDD a qualquer profundidade será menor para um feixe menor. A HVL depende das características do tubo e do gerador, kV e filtração, nenhuma das quais foi alterada."
T345,Módulo IV – Dosimetria III,Um cálculo de MU de cérebro inteiro usa raios-x de 6 MV paralelos igualmente ponderados a 100 cm em SAD com uma configuração de colimador de 17 × 20 cm2 com uma pequena quantidade de MLC para proteger os olhos. A prescrição é de 300 cGy por fração até a profundidade do plano médio. A separação no eixo central é de 16 cm. Qual dos seguintes erros de cálculo teria o maior efeito na UM?,usando uma configuração de 100 SSDs|usando tabelas de dados de 18 MV em vez de 6 MV|falha em dividir a separação pela metade|falha em dividir a dose por fração pela metade|falha em considerar o bloqueio de MLC e ar dentro dos campos de tratamento,usando uma configuração de 100 SSDs,"Comentário: Não dividir a dose total por dois dobra o MU para cada campo. Os outros erros também afetam o MU calculado, mas em menor grau."
T346,Módulo IV – Dosimetria III,"Um paciente é tratado com um único campo, SSD = 100 cm. A prescrição é de 300 cGy/fração a 5 cm de profundidade. Qual é a dose (cGy)/fração a 10 cm de profundidade? Dado PDD (5 cm) = 87,0; PDD (10 cm) = 67,0.",210|231|254|355|390,210,
T347,Módulo IV – Dosimetria III,"Um único campo fornece uma dose D1 a uma profundidade de referência de d1. Os valores de TMR nas profundidades d1 e d2 são TMR (d1) e TMR (d2), respectivamente. A dose na profundidade de d2, D2, pode ser calculada a partir de _____.",D1 × TMR(d2) / TMR(d1)|D1 × TMR(d1) / TMR(d2)|D1 × TMR(d2) / TMR(d1) × [(SSD+d2) 2 / (SSD+d1) 2]|D1 × TMR(d2) / TMR(d1) × [(SSD+d1) 2 / (SSD+d2) 2]|D1 × TMR(d1) / TMR(d2) × [(SSD+d1) 2 / (SSD+d2) 2],D1 × TMR(d2) / TMR(d1),"Comentário: TMR é a razão da taxa de dose em um determinado ponto do fantoma para a taxa de dose na mesma distância de ponto de origem e na profundidade de referência da dose máxima. Ele leva em conta a contribuição de espalhamento na profundidade d em relação ao that no DM, e a atenuação do feixe primário para a espessura (d-dm).  A lei do inverso do quadrado tem que ser aplicada no cálculo da dose em d2 da dose em d1."
T348,Módulo IV – Dosimetria III,"O seguinte campo espinhal deve ser combinado com campos cranianos laterais para irradiação crânio-espinhal. Se cada marca de hash na retícula for igual a 1 cm a 100 cm SAD, qual deve ser o ângulo do colimador para os campos laterais opostos?",±1.70|±4.50|±7.40|±14.60|Não há informações suficientes para responder à pergunta,±1.70,"Comentário: O Jaws Y2 é o limite espinhal os campos cranianos.  Os campos cranianos exigiriam, portanto, um ângulo de colimadores de arctan (13 cm/100 cm) = 7,4°."
T349,Módulo IV – Dosimetria III,Dois campos simétricos adjacentes de igual tamanho são usados ​​para cobrir uma medula espinhal com 60 cm de comprimento. Qual é o espaço na superfície do paciente entre os dois campos se eles se encontrarem a uma profundidade de 5 cm? Assuma o mesmo valor de SSD = 95 cm para ambos os campos.,"0,25 cm|0,50 cm|0,75 cm|1,50 cm|3,00 cm","0,25 cm","Comentário: Gap de pele = 0,5 x 30 x (d/SAD) + 0,5 x 30 x (d/SAD) = 30 x 5 / 100 = 1,5 cm."
T350,Módulo IV – Dosimetria III,Qual dos seguintes parâmetros afeta o percentual de dose profunda de fótons?,SSD|profundidade|tamanho do campo|energia do feixe|Todos os itens acima afetam a dose de profundidade percentual de fótons.,profundidade,"Comentário: O PDD aumenta com o aumento do SSD, tamanho do campo e energia do feixe. O PDD diminui com a profundidade."
T351,Módulo IV – Dosimetria III,"A penumbra de fótons aumenta à medida que o SSD _____ e, para energias de fótons acima de 6 MV, aumenta à medida que a energia do feixe de MV _____. A.",diminui; aumenta|diminui: permanece o mesmo|permanece o mesmo; aumenta|aumenta; aumenta,diminui; aumenta,"Comentário: O aumento da penumbra com energia deve-se ao aumento da gama de elétrons secundários criados a partir dos fótons de maior energia.  Penumbra realmente diminui à medida que a energia aumenta até cerca de 6 MV, e então começa a aumentar novamente.  A penumbra mínima ocorre em cerca de 4-6 MV."
T352,Módulo IV – Dosimetria III,"Comparar a dose com dois pontos na mesma profundidade, em lados opostos e equidistantes do eixo central, em um perfil de feixe de fótons é uma medida de feixe _____.",Planura|simetria|penumbra|qualidade|E Nenhuma das opções acima é verdadeira.,simetria,Comentário: A simetria do feixe refere-se ao perfil do feixe ser o mesmo em cada lado do eixo central do feixe.  O achatamento é medido encontrando os valores máximos e mínimos de dose em um perfil de feixe dentro da central de 80% do feixe.  Penumbra é uma medida da queda entre os ombros de 80% a 20% de dose de um perfil de feixe.
T353,Módulo IV – Dosimetria III,"À medida que o SSD aumenta, o PDD _____ e o TMR _____.",aumenta; aumenta|aumenta; continua o mesmo|diminui; aumenta|diminui; continua o mesmo|diminui; diminui,aumenta; aumenta,"Comentário: O PDD incorpora mudanças na lei do inverso do quadrado da distância, atenuação do feixe e espalhamento assim que o SSD aumenta, o PDD aumenta. No entanto, o TMR é apenas uma medida de atenuação e espalhamento de feixe, de modo que à medida que o SSD aumenta, o TMR permanece o mesmo. Use as seguintes informações para as próximas duas perguntas: 230 MU são entregues para tratamento prescrito a uma profundidade de 5 cm com um único campo de 6 MV a 100 cm SSD. Nessas condições, o PDD = 87,0%."
T354,Módulo IV – Dosimetria III,"Calcule o PDD para uma profundidade de 5 cm, SSD de 120 cm e o mesmo tamanho de campo na superfície. R. 84%",86%|88%|90%|92%,86%,"Resolução: O	 fator F Mayneord pode ser usado para o cálculo do PDD no novo SSD: P(d, r, f2 ) / P (d, r, fl) = (f2 + dm)2 / (f1 + dm)2 (f1 + d) 2 / (f2 + d)2 = (120 + 1,5)2 / (100 + 1,5)2 x (100 + 5)2 / (120 + 5)2 = 1,011 Utilizando o fator Mayneord F, o PDD para 120 cm SSD = 87% x 1,011= 88%."
T355,Módulo IV – Dosimetria III,"Calcule a MU para entregar a mesma dose a uma profundidade de 5 cm, para um SSD de 120 cm, e o mesmo tamanho de campo na superfície. Ignore as alterações no fator de espalhamento do colimador.",230|276|326|330|333,230,"Resolução: Quando o SSD aumenta, a taxa de dose em dmax, diminui após 1/N, e o PDD aumenta devido aos efeitos da lei do inverso do quadrado da distância. A dose/MU em.  Alterações por: (100 + 1,5)2 / (120 + 1,5)2 = 0,698.  O PDD para 120 cm SSD muda pelo Mayneord Fator F: (120 + 1,5)2 / (100 + 1,5)2 x  (100 + 5)2/ (120 + 5)2 = 1,011.  O novo MU por 120 cm SSD = 230 MU / (0,698 x 1.011) = 326 MU."
T356,Módulo IV – Dosimetria III,"Chifres nos perfis de feixe de fótons são mais pronunciados para fótons _____ MV, _____ tamanhos de campo, em _____ profundidades.",15; pequeno; pequena|15; grande; profundo|6; grande; profundo|6; grande; pequena|6; pequeno; pequena,15; pequeno; pequena,"Comentários: As especificações padrão de linac geralmente exigem que o F esteja dentro de +3% a uma profundidade de 10 cm na água. Feixes de fótons de baixa energia e grande porte têm energias eficazes mais baixas em direções fora do eixo, e têm mais contribuição de dose dispersa para o centro do campo à medida que a profundidade aumenta. O cumprimento dos critérios de achatamento de 3% do feixe a 10 cm de profundidade resulta em ""over achating"", ou ""chifres"", em profundidades rasas. Este efeito é mais significativo para feixes de maior porte de campo."
T357,Módulo IV – Dosimetria III,"A dose no isocentro (SAD de 100 cm), a uma profundidade de 10 cm, é 200 cGy de feixes anteroposteriores paralelos igualmente ponderados. Assumindo que a separação do paciente é de 20 cm, qual é a dose a uma profundidade de 5 cm da superfície anterior dadas as seguintes TMRs? TMR (d = 1.5) = 1.000 TMR (d = 5) = 0.920 TMR (d = 10) = 0.780 TMR (d = 15) = 0.640 TMR (d = 20) = 0.520",202 cGy|205 cGy|208 cGy|211 cGy|215 cGy,205 cGy,"Resolução: Conhecendo a dose em um ponto, você pode calcular a dose em qualquer outro usando a lei quadrada inversa e a razão de TMRs. Cada feixe entrega 100 cGy a uma profundidade de 10 cm. A partir do AP, a distância de ponto de origem é de 95 cm, e do PA, a distância de ponto de origem é  de 105 cm. Portanto: Dant=5={Dd=10 de AP x (100 / 95)2 x [TMR(d = 5) / TMR(d=10)} Beam AP + {Dd=10 de PA X (100 / 105)2 x [TMR(d = 15) / TMR(d = l 0)}PA beam = 205 cGy."
T358,Módulo IV – Dosimetria III,"Um feixe de 6 MV é calibrado de modo que 1 MU = 1 cGy a 1,5 cm de profundidade e a 100 cm SSD. Feixes anteroposteriores paralelos igualmente ponderados, cada um com SSD de 100 cm, são usados para fornecer 200 cGy à linha média. A separação do paciente é de 20 cm. Qual é a dose máxima dada aos seguintes PDDs? PDD (d =1.5) = 100% PDD (d = 5) = 86% PDD (d =10) = 66% PDD (d =18.5) = 41% PDD (d = 20) = 38%",151 cGy|200 cGy|205 cGy|214 cGy|227 cGy,151 cGy,
T359,Módulo IV – Dosimetria III,"Calcule a MU por feixe necessário para entregar 300 cGy ao isocentro (SAD de 100 cm), localizado a uma profundidade do plano médio de 7 cm de raios-x paralelos-opostos de 6 MV igualmente ponderados. A configuração do Jaws é de 12x12 cm2, bloqueada para um tamanho de campo equivalente a 7x7 cm2 com MLC. Use as seguintes informações",170|175|178|189|192,170,"Resolução: Para cálculos de MU de fótons isocentéricos, a fórmula é: MU = dose/número de campos) / [saída de referência x SC(CS) x Sp(US) x TMR(d, FS) x fatores de transmissão]. O SC utiliza a configuração do colisor (CS) de l2x12 cm2 e o Sp e TMR usam o tamanho do campo (FS) de 7x7 cm2 O TMR será para uma profundidade de 7 cm, a profundidade da prescrição. Uma vez que os modificadores de feixe são MLC e não há cunhas, os fatores de transmissão são = 1,0. Portanto;"
T360,Módulo IV – Dosimetria III,"Calcule a MU para entregar 250 cGy/fração para a linha de isodose de 90% com elétrons de 16 MeV em 100 cm de SSD usando um recorte de 10x7 cm2 em um cone de 10x10 cm2. O fator de saída para esse cone/inserção em SSD de 100 cm é 0,985.",221|253|273|277|282,221,"Resolução: MU	 = [dose por fração / (linha de isodose/100%)] / (fator de saída) = (250 / 0,9) / 0,985 = 282. Use a imagem a seguir de um fantoma de qualidade de imagem AAPM TG-142 com uma retícula digital sobreposta para as próximas duas perguntas."
T361,Módulo IV – Dosimetria III,Por que os pares de linhas fantomas estão orientados em um ângulo de 45 graus em relação à retícula?,Isso é para maximizar a área testada do imager.|O fantoma não deve ser visualizado com esta rotação.|Isso é para evitar artefatos de interferência/aliasing devido à construção do painel do imager.|O software de análise do fornecedor requer um conjunto de imagens giradas.|Nenhuma das opções acima é verdadeira.,Isso é para maximizar a área testada do imager.,Comentários: Os imagers são construídos como grades com resolução finita e espaçamento detector/pixel. Artefatos de interferência (também chamados de aliasing) podem ocorrer para determinadas combinações de par de linhas e ampliação se sobrepostos na mesma orientação que as linhas e colunas do imager.
T362,Módulo IV – Dosimetria III,"Este fantoma pode ser usado para todos os seguintes testes de imagem, EXCETO _____.",resolução|contraste|espessura de corte|ruído|dimensionamento,resolução,"Comentários: Trata-se de um fantasma de imagem planar e não usado para avaliar a espessura da fatia, que é uma propriedade de imagens volumosas (3D)."
T363,Módulo IV – Dosimetria III,Testes para verificar a coincidência dos isocentros kV e MV podem ser realizados com _____.,uma câmara de ionização|um tanque de água|um cubo com um pequeno bb colocado em seu centro|uma tela fluorescente|um fantoma CTDI,uma câmara de ionização,"Comentários: Ao visualizar o cubo de quatro direções independentes usando o portal MV e imagens de kV montadas em pórtico, pode-se medir o desvio do kV do isocenter MV."
T364,Módulo IV – Dosimetria III,"De acordo com a AAPM TG-142, qual dos seguintes critérios NÃO tem tolerâncias mais rígidas para SRS/SBRT sobre IMRT?",lasers de localização|indicadores de posição da mesa de tratamento|coincidência de campo de luz/radiação|coincidência de radiação e isocentro mecânico|Todas as tolerâncias acima são mais apertadas para SRS/SBRT sobre IMRT.,lasers de localização,"Comentários: As tolerâncias de coincidência do campo de luz/radiação, tanto simétricas quanto assimétricas, são as mesmas tanto para o SRS/SBRT quanto para o IMRT. Essas tolerâncias são de 2 mm ou 1% de um lado (simétrico), l mm ou 1% de um lado (assimétrico)."
T365,Módulo IV – Dosimetria III,A exatidão da entrega do tratamento será MAIS afetada pela incerteza no posicionamento do laser de simulação para _____.,um setup de plano SBRT com kV-CBCT diário|um setup de plano IMRT com um par de imagens planas ortogonais diárias com kV|um setup de plano de IMRT com um par de imagens planos com MV ortogonais semanais|um setup de plano 3D com kV-CBCT diário|um plano 3D com um par de imagens planas kV ortogonais diárias para configuração,um setup de plano SBRT com kV-CBCT diário,"Comentários: A incerteza no posicionamento a laser de simulação indica que as marcas de pele feitas no simulador podem não refletir com precisão a posição do isocentro planejado.  Portanto, qualquer configuração que dependa principalmente de marcas de pele, como o uso de imagens semanais de configuração ortogonal, será mais afetada por essa incerteza, enquanto técnicas guiadas por imagem que dependem de imagens planares ou volumétricas frequentes serão menos afetadas."
T366,Módulo IV – Dosimetria III,_____ NÃO requer uma verificação diária de saída com base nas recomendações da AAPM.,GammaKnife®|Um linac médico regular|CyberKnife®|TomoTerapia®|Todos os itens acima devem receber uma verificação de saída diária.,GammaKnife®,"Comentários: As fontes 60Co decaem a uma taxa constante bem conhecida de cerca de 1% ao mês.  A saída é verificada na troca de fontes e mensalmente, conforme o Grupo de Tarefas AAPM 42. As outras opções da lista são todas as formas de aceleradores lineares, e aapm Task Groups 142 (linac médico regular), TG-148 (TomoTherapy) e TG-135 (linacs robóticos) recomendam verificações diárias de saída."
T367,Módulo IV – Dosimetria III,"A área fracionária de uma medição de QA de IMRT que passa por um determinado critério gama é afetada por todos os itens a seguir, EXCETO _____.",região de interesse|limite definido para remover o plano de fundo|valor do DTA|valor da diferença de dose|dose prescrita por fração,região de interesse,"Comentários: Por exemplo, a área fracionária de uma medição de QA IMRT que passe por um determinado critério gama depende da região de interesse e limiar de fundo. O gama é calculado para um dado valor de distância-acordo definido e diferença de dose. O cálculo gama é aplicável a todas as faixas de dose prescrita por fração. Se a dose entregue difere da dose prescrita, a medição de QA IMRT terá uma área fracionária muito pequena ou inexistente que passa pelos critérios gama."
T368,Módulo IV – Dosimetria III,_____ pode ser usado para QA de IMRT específico do paciente pré-tratamento.,Um dispositivo de imagem de portal eletrônico|Filme e uma câmara de ionização em um fantoma de água sólida|Uma matriz de câmara de ionização|Uma matriz de diodos|Todas as afirmativas acima são verdadeiras.,Um dispositivo de imagem de portal eletrônico,"Comentários: As matrizes de câmara EPID, filme, ionização e diodos são todos os métodos apropriados para a realização de medições de QA IMRT. QUESTÕES DISCURSIVAS QUESTÃO 14 – Descrevas as principais diferenças entre TMR e PDP e qual o procedimento de medida no acelerador linear delas. ________________________________________________________________________________________________________________________________________________________________________________________________________________________________________________________________________________________________________________________________________________________________________________________________________________________________________________________________________________________________________________________________________________________________________________________________________________________________________________________________________________________________________________________________________________________________________________________________________________________________________________________________________________________________________________________________________________________________________________________________________________________________________________________________________________________________________________________________________________________________________________________________________________________________________________________________________________________________________________________________________________________________________________________________________________________________________________________________________________________________________________________________________________________________________________________________ QUESTÃO 15 – Explique detalhadamente como é feito o controle de qualidade de paciente específico, usando a câmara de ionização cilíndrica e a matriz de detectores na técnica IMRT. ________________________________________________________________________________________________________________________________________________________________________________________________________________________________________________________________________________________________________________________________________________________________________________________________________________________________________________________________________________________________________________________________________________________________________________________________________________________________________________________________________________________________________________________________________________________________________________________________________________________________________________________________________________________________________________________________________________________________________________________________________________________________________________________________________________________________________________________________________________________________________________________________________________________________________________________________________________________________________________________________________________________________________________________________________________________________________________________________________________________________________________________________________________________________________________________________________________________________________________________________________________________________________________________________________________________________________________________________________________________________________________________________________________________________________________________________________________________________________________________________________________________________________________________________________________________________ QUESTÃO 16 – Escolha e explique o objetivo de um teste de controle de qualidade mecânico, elétrico e dosimétrico que é obrigatório de ser realizado no acelerador linear. ________________________________________________________________________________________________________________________________________________________________________________________________________________________________________________________________________________________________________________________________________________________________________________________________________________________________________________________________________________________________________________________________________________________________________________________________________________________________________________________________________________________________________________________________________________________________________________________________________________________________________________________________________________________________________________________________________________________________________________________________________________________________________________________________________________________________________________________________________________________________________________________________________________________________________________________________________________________________________________________________________________________________________________________________________________________________________________________________________________________________________________________________________________________________________________________________________________________________________________________________________________________________________________________________________________________________________________________________________________________________________________________________________________________________________________________________________________________________________________________________________________________________________________________________________________________________________________________________________________________________________________________________________________________________________________________________________________________________ 9 – 11h TESTES DE ACEITE e CONTROLE DE QUALIDADE Paulo Garcia 11 -13h TESTES DE ACEITE e CONTROLE DE QUALIDADE e ÍNDICE GAMA – CONTROLE DE QUALIDADE IMRT 14-16h COMISSIONAMENTO DE EQUIPAMENTOS DE TRATAMENTO e TPS 16-18h Tamanho do campo (cm) Profundidade (cm) 5 x 5 10 x 10 15 x 15 20 x 20 25 x 25 PPD 5 8 10 15 20 85.6 72.0 64.2 47.7 36.7 87.1 75.0 67.6 51.6 39.2 87.6 76.3 69.2 53.7 41.5 87.9 77.3 70.3 55.4 43.4 88.2 77.9 71.1 56.4 44.5 TMR 0.912 0.809 0.745 0.602 0.487 0.928 0.842 0.784 0.647 0.530 0.934 0.857 0.804 0.675 0.560 0.937 0.869 0.818 0.697 0.586 0.941 0.877 0.828 0.713 0.605 SC Sp 0.970 0.975 1.000 1.000 1.015 1.017 1.024 1.029 1.027 1.031 Ao contrário do uso de TMRs, o componente quadrado inverso está implicitamente incluído no  PDD dados. Para cálculos isocêntricos de MU de fótons, a fórmula é: MU — (dose/número de campos) / (saída de referência x Sc(CS) x Sp(FS) x TMR(d, FS) x fatores de transmissão).  O Sc usa o configuração do colimador  (CS) de 14 x 14 cm2, e o Sp e TMR usam o tamanho do  campo (FS) de 8 x 8 cm2. O TMR será para uma profundidade de 10 cm, a profundidade da prescrição. Como os modificadores de feixe são MLC e não há cunhas, os fatores de transmissão são = 1,0.  Portanto; Comentário:  Aumentar a configuração do colimador aumenta a contribuição do espalhamento para  o ponto de cálculo, o que significa que você diminuiria  a  MU para obter a mesma dose.  Uma mudança para blocos físicos  exigiria o uso de um fator de transmissão para a bandeja que contém os blocos. O aumento   do SSD afastaria  o paciente da  fonte, de modo  que mais MU seria necessário para compensar a lei do inverso do quadrado da distância 7x7 cm2 12x12 cm2 Sc: 0.982 1.008 Sp: 0.989 1.007 TMR(d=7) 0.846 0.868 PDD(d=7) 0.785 0.803"
T428,Módulo V – Planejamento I,"Ao usar uma técnica de cinco campos (quatro campos de fótons mono-isocêntricos e um campo de elétrons) para tratar a mama e os linfonodos supraclaviculares, axilares e mamários internos, o(a) ______ deve ser tratado por último.",Tangente lateral da mama do fóton|Tangente da mama do fóton medial|Campo de fóton supraclavicular anterior posterior|Campo de reforço de fótons axilares posteriores|Campo de elétrons dos nodos da mamária interna,Tangente lateral da mama do fóton,"Comentários: Normalmente, as bordas de campo the medial e supraclavicular são marcadas na pele, e o campo de elétrons IMN é compatível com eles. Uma vez que os campos de fótons tratam através e através, desalinhando-os a fim de combinar com um campo de elétrons já tratado poderia cause uma área maior de falta geométrica."
T429,Módulo V – Planejamento I,"Dos seguintes, _______ contribui com a dose de espalhamento para um feixe de fótons incidente sobre um paciente.",A câmara interna do monitor linac|Os Jaws do colimador|O paciente|Todas as afirmativas acima são verdadeiras.|Nenhuma das opções acima é verdadeira.,A câmara interna do monitor linac,"Comentários: A dose de dispersão originária de interações dentro da cabeça de tratamento (por exemplo, câmara de ionização, mandíbulas de collimador) é denominada ""dispersão da cabeça""."
T430,Módulo V – Planejamento I,"Dos seguintes feixes, ______ NÃO requerem bólus para tratar a pele.",Fótons de Co60|Fótons de 6 MV|Fótons de 15 MV|Elétrons de 6 MeV|Elétrons de 15 MeV,Fótons de Co60,"Comentários: Uma grande vantagem dos feixes de fótons de megavoltagem é a capacidade de poupar da pele. Feixes de elétrons de baixa energia também demonstram alguns efeitos de poupança da pele, mas à medida que a energia eletrônica aumenta, a dose da pele também."
T431,Módulo V – Planejamento I,"Se os cortes de TC se sobrepuserem na varredura helicoidal de TC, o pitch é ______.","Entre 0 e 1|Exatamente igual a 1|Entre 1 e 2|Entre 2 e 5|Maior, que 5",Entre 0 e 1,"Comentários: Passo = movimento do couch (cm/rotação) / largura de fatia (cm). Ao longo de uma rotação completa da fonte, se o couch se mover através do Bore mais lento do que a largura da fatia de tomografia, algumas das mesmas anatomias serão irradiadas em rotações consecutivas da fonte"
T432,Módulo V – Planejamento I,O Ruído estatístico na imagem TC pode ser reduzido aumentando _____ .,A dose da imagem|A espessura da fatia|O tamanho do pixel|Todas as afirmativas acima são verdadeiras.|Nenhuma das opções acima é verdadeira.,A espessura da fatia,"Comentários: Ruído na imagem e é reduzido aumentando a fluência recebida pelo detector de TC, ou equivalentemente aumentando o número de ""eventos"" em cada pixel ou voxel.  Aumentar a dose, a espessura da fatia e o tamanho do pixel todos conseguem isso, e assim todos os três resultam em imagens menos ruidas. No entanto, aumentar o tamanho do pixel e a espessura da fatia reduz a resolução da imagem."
T433,Módulo V – Planejamento I,Imagens de TC armazenadas em 12 bits tem _____ níveis de cinza.,8|16|144|512|4096,8,Comentários: 212 = 4096 níveis de cinza.
T434,Módulo V – Planejamento I,O(a) _____ é o procedimento diagnóstico que usa a mais alta frequência de radiação.,Raios-X de tórax|Varredura PET|Tomografia de cérebro|Imagem de Ressonância Magnética|Não se pode determinar a resposta correta a partir das informações dadas,Raios-X de tórax,
T435,Módulo V – Planejamento I,Um cálculo de MU de cérebro inteiro usa raios-x de 6 MV paralelos igualmente ponderados a 100 cm em SAD com uma configuração de colimador de 17 × 20 cm2 com uma pequena quantidade de MLC para proteger os olhos. A prescrição é de 300 cGy por fração até a profundidade do plano médio. A separação no eixo central é de 16 cm. Qual dos seguintes erros de cálculo teria o maior efeito na UM?,usando uma configuração de 100 SSDs|usando tabelas de dados de 18 MV em vez de 6 MV|falha em dividir a separação pela metade|falha em dividir a dose por fração pela metade|falha em considerar o bloqueio de MLC e ar dentro dos campos de tratamento,usando uma configuração de 100 SSDs,"Comentários: Não dividir a dose total por dois dobra o MU para cada campo. Os outros erros também afetam o MU calculado, mas em menor grau."
T436,Módulo V – Planejamento I,"Um paciente é tratado com um único campo, SSD = 100 cm. A prescrição é de 300 cGy/fração a 5 cm de profundidade. Qual é a dose (cGy)/fração a 10 cm de profundidade? Dado PDD (5 cm) = 87,0; PDD (10 cm) = 67,0.",210|231|254|355|390,210,"Resolução: D2= D1 x (PDD2 / PDD2), então 300 cGy x (67/87) = 231 cGy."
T437,Módulo V – Planejamento I,Dois campos simétricos adjacentes de igual tamanho são usados ​​para cobrir uma medula espinhal com 60 cm de comprimento. Qual é o espaço na superfície do paciente entre os dois campos se eles se encontrarem a uma profundidade de 5 cm? Assuma o mesmo valor de SSD = 95 cm para ambos os campos.,"0,25 cm|0,50 cm|0,75 cm|1,50 cm|3,00 cm","0,25 cm","Resolução: Lacuna de pele = 0,5 x 30 x (d/SAD) + 0,5 x 30 x (d/SAD) = 30 x 5 / 100 = 1,5 cm."
T438,Módulo V – Planejamento I,Qual dos seguintes parâmetros afeta o percentual de dose profunda de fótons?,SSD|profundidade|tamanho do campo|energia do feixe|Todos os itens acima afetam a dose de profundidade percentual de fótons.,profundidade,"Comentários: O PDD aumenta com o aumento do SSD, tamanho do campo e energia do feixe. O PDD diminui com a profundidade."
T439,Módulo V – Planejamento I,"Para uma técnica de três campos, qual dos seguintes arranjos de cunha atinge a distribuição de dose mais uniforme?",D,D,"Comentários: Em um arranjo de feixe de três campos, os filtros seriam colocados nos campos paralelos opostos, e as extremidades grossas dos filtros deveriam ser orientadas para o feixe que está entrando perpendicular aos campos paralelos opostos."
T440,Módulo V – Planejamento I,"Um paciente é tratado com um par de campos paralelos opostos, configuração do colimador 13 × 18 cm2 e radiografias de 6 MV. 300 cGy/fração são prescritos para uma profundidade do plano médio de 8 cm a 100 cm SAD. Os campos de tratamento são moldados para um tamanho de campo equivalente de 10 × 10 cm2 com MLC. A configuração MU por campo é _____.",164 UM|170 UM|172 UM|176 UM|181 UM,164 UM,Resolução: Campo bloqueado
T441,Módulo V – Planejamento I,"Um paciente é tratado na costela com um único campo posterior, configuração SSD de 100 cm, configuração do colimador de 8 × 13 cm2 e radiografias de 6 MV. O campo é moldado para um tamanho de campo equivalente de 8 × 8 cm2 com MLC. A prescrição é de 400 cGy a uma profundidade de 5 cm. A configuração MU é _____.",463 MU|469 UM|473 UM|478 UM|483 UM,463 MU,Resolução: Campo bloqueado
T442,Módulo V – Planejamento I,A dose máxima ao longo do eixo central do feixe na questão anterior é ____ cGy.,428|435|464|469|483,428,
T443,Módulo V – Planejamento I,Qual é o quadrado equivalente de um campo retangular de 5 × 20 cm2?,"5,0|8,0|12,5|16,0|20,0","5,0",
T444,Módulo V – Planejamento I,"Um filtro achatador específico é projetado para fornecer um perfil de feixe plano para um feixe de fótons de 6 a 15 MV a uma profundidade de 10 cm. A uma profundidade de dmax, como a dose na região central do feixe muda à medida que você se afasta lateralmente do eixo central (mas não perto da penumbra)?",permanece constante|aumenta|diminui|A resposta depende da energia do fóton.|Não há informações suficientes para responder à pergunta.,permanece constante,"Comentários: A fim de entregar um campo plano a uma profundidade de 10 cm, um perfil de feixe no dmax contará com alta dose ""chifres"" lateral do eixo central."
T445,Módulo V – Planejamento I,Qual imagem tem a janela de TC mais ampla?,a|b|A largura da janela é a mesma.|Não se pode dizer a partir da informação dada.,a,"Comentários: A largura da janela CT é uma medida da faixa de valores números de CT exibidas. Quando a janela é estreita, como na imagem a transição visual das estruturas escuras para claras na imagem acontecerá rapidamente.   Janelas estreitas são usadas ao tentar diferenciar tecidos com propriedades de atenuação semelhantes, enquanto janelas largas são usadas em áreas onde tecidos com propriedades de atenuação muito diferentes   são adjacentes um ao outro."
T446,Módulo V – Planejamento I,Um pulmão V20 de 25% significa que _____% do pulmão recebe _____ Gy.,75; no máximo 20|75; exatamente 20|75; pelo menos 20|25; no máximo 20|25; exatamente 20,75; no máximo 20,"Comentários: Um V20 de 25% significa que 25% do  volume recebe  pelo menos 20 Gy, ou 75% do  volume recebe no máximo 20 Gy."
T447,Módulo V – Planejamento I,As junções ortogonais são criadas entre os campos cerebrais laterais e um campo posterior da coluna em uma irradiação cranioespinhal. O _____ é usado para calcular o ângulo de rotação do colimador dos campos cranianos de modo que a borda do campo caudal seja paralela à borda cefálica do campo espinhal.,Tamanho do campo craniano|Tamanho do campo espinhal superior|Tamanho do campo espinhal inferior|Rotação da mesa de campo espinhal|Ângulo do colimador espinhal superior,Tamanho do campo craniano,
T448,Módulo V – Planejamento I,"Para fótons, a vantagem de usar um arranjo de feixe não coplanar, em vez de coplanar, é _____.",Conformidade de dose aumentada em torno do PTV|Homogeneidade de dose aumentada dentro do PTV|Diminuição do tempo de tratamento|Redução do volume de pele recebendo dose|Volume reduzido de tecido irradiado,Conformidade de dose aumentada em torno do PTV,"Comentários: O uso de feixes não coplanares pode aumentar a compactação da distribuição de doses ao redor do PTV, embora haja um aumento no volume total de tecido irradiado.  A dose da pele é geralmente reduzida aumentando o número de feixes de tratamento (ou graus de arco) usados por um plano, não necessariamente se esses feixes são coplanares ou não-coplanares."
T449,Módulo V – Planejamento I,Qual das seguintes técnicas de tratamento geralmente produz uma melhor distribuição de dose de mama inteira ao usar campos tangenciais supinos?,Campos abertos|Cunhas físicas|Cunhas dinâmicas|Técnica de campo em campo|Todos resultarão na mesma distribuição de dose.,Campos abertos,"Comentários: A técnica de campo em campo, onde o planejador cria manualmente uma série de subcampos com diferentes formas de MLC, permite mais graus de liberdade na confecção de dose do que com uso dos filtros. Campos abertos levarão a grandes pontos quentes no ápice da mama e baixa cobertura posteriormente."
T450,Módulo V – Planejamento I,Qual é o melhor método para reduzir a possibilidade de uma reação cutânea para um tratamento de mama propensa quando o ápice da mama está em contato com uma mesa de tratamento?,Feche a mandíbula anterior para bloquear o ápice da mama.|Aumente a energia do feixe para reduzir a dose na pele.|Aplique um bolus de 5 mm.|Aplique um spoiler de feixe.|Coloque uma gaze grossa e seca entre o ápice da mama e a mesa de tratamento.,Feche a mandíbula anterior para bloquear o ápice da mama.,"Comentários: A reação da pele seria causada pela dispersão que vem do sofá para o ápice do peito. Adicionar gaze separaria fisicamente o peito do sofá, reduzindo a dose de dispersão. Fechar a mandíbula anterior bloquearia parte do alvo, então não é aceitável. Bólus e spoilers aumentariam a dose da superfície da mama em geral. A mudança da energia do feixe deve reduzir a dose da superfície da mama de forma mediada e lateral, mas não impediria que o problema de dispersão do sofá fosse incidente no ápice da mama."
T451,Módulo V – Planejamento I,Quais são os ângulos de cunha ideais necessários para criar uma distribuição de dose uniforme para um par de campos de fótons separados por um ângulo de gantry de 120°?,10°|15°|30°|45°|60°,10°,"Comentários: A separação angular entre os campos, 120° neste case, é definida como o ângulo da dobradiça. O ângulo de cunha mais adequado que resulta na dose de radiação mais uniforme para um determinado ângulo de dobradiça é dado por: Ângulo de filtro = 90° - Ângulo de articulação/2 = 90° - 120° / 2 = 30°."
T452,Módulo V – Planejamento I,Campos paralelos opostos são configurados em um linac com 100 cm em SAD para a profundidade do plano médio. A espessura AP do paciente é de 24 cm e o tamanho do campo no isocentro é de 15 x 15 cm. O tamanho do campo na pele é _____ cm.,"12,4|13,2|15,0|16,2|17,6","12,4","Comentários: O tamanho do campo 15 x 15cm2 está na profundidade do plano médio (100 cm). O SSD é de 88 cm, então o tamanho do campo na pele é de 15 x (88/100) cm = 13,2 cm."
T453,Módulo V – Planejamento I,A dose calculada e exibida pela maioria dos sistemas de planejamento de tratamento (TPS) na região de buildup de raios X não é confiável. Por quê?,"A contaminação eletrônica no feixe é calculada usando um modelo muito simples ou não modelado.|A medição da dose, para fins de comissionamento do TPS, em uma região sem equilíbrio de partículas carregadas requer o uso de um dosímetro especial, que muitas vezes não está prontamente disponível.|Os resultados calculados irão variar com o tamanho do voxel CT e o tamanho da grade de cálculo de dose.|Todas as afirmativas acima são verdadeiras.|Nenhuma das opções acima é verdadeira.",A contaminação eletrônica no feixe é calculada usando um modelo muito simples ou não modelado.,"Comentários: Se alguém pretende entregar a dose prescrita à superfície do paciente, deve-se usar bólus. Se for necessário verificar se a pele está recebendo uma dose apropriada, deve-se usar um dosímetro in vivo. O cálculo da dose do sistema de planejamento de tratamento na região de acúmulo não é confiável e preciso. 9 -11h SIMULAÇÃO E AQUISIÇÃO DE DADOS DO PACIENTE Leonardo Peres 11-13h CONCEITOS BÁSICOS: FAC; PSF, PDP, TAR, SAR, TPR, TMR; 14-16h TERAPIA COM CAMPOS ESTACIONÁRIOS E MÓVEIS: CAMPO DIRETO, CAMPOS PARALELOS E OPOSTOS, MÚLTIPLOS CAMPOS, ROTATÓRIO, ARCO TERAPIA e NEURO-EIXO 16 -18h DISTRIBUIÇÃO DE DOSE: LINHAS DECREMENTAIS E CONSTRUÇÃO DE CURVAS DE ISODOSE"
T539,Módulo VI – Planejamento II,"Na formulação adequada de uma margem CTV-para-PTV, todos os seguintes devem ser considerados, exceto: Frequência e tipo de orientação de imagem. Frequência e tipo de monitoramento de movimento de intrafração. Tipo de dispositivo de imobilização utilizado. Padrões de propagação microscópica para este tipo de doença e local anatômico.",A incerteza na coincidência dos isocentros de imagem e radiação na sala de tratamento.,A incerteza na coincidência dos isocentros de imagem e radiação na sala de tratamento.,"Comentários: Este item deve ser considerado ao formular uma margem GTV-CTV apropriada para CTV. A margem para PTV é baseada em considerações físicas e geométricas, como as outras escolhas."
T548,Módulo VI – Planejamento II,"Um feixe de elétrons de 9 MeV com 0,5 cm de bólus foi prescrito para a linha de isodose de 90%. Uma diferença de dose de aproximadamente na profundidade da prescrição pode ser esperada se um bolus de 1,0 cm foi usado em vez disso.",1-2%|5-8%|10-15%|20-30%|40-50%,1-2%,"Comentários: A mudança de profundidade para um feixe de elétrons resulta em uma discrepância de dose muito maior do que a observada para feixes de fótons, especialmente na região além da faixa terapêutica."
T549,Módulo VI – Planejamento II,A espessura mínima de Cerrobend necessária para bloquear elétrons de 9 MeV é _____ mm.,4.5|5.5|6.5|7.5|8.5,4.5,"Comentários: A espessura mínima de chumbo necessária para o bloqueio em milímetros é dada pela energia no incidente de MeV no chumbo dividido por 2. A espessura necessária de Cerrobend é aproximadamente 20% maior que a do chumbo puro: (9 MeV / 2 mm / MeV) x 1,2 = 5,4 mm."
T550,Módulo VI – Planejamento II,"Usando um único feixe de elétrons, uma prescrição é escrita para 3 Gy/fração até o nível de isodose de 75%, em relação ao dmax. ______ é a dose por fração para dmax.","3,00 Gy|3,25 Gy|3.47 Gy|3,75 Gy|4,00 Gy","3,75 Gy","Comentários: A dose para dmax é calculada: Dose = 3 Gy / 0,75 = 4 Gy (não como 125% x 3 Gy = 3,75 Gy)."
T551,Módulo VI – Planejamento II,"À medida que a lacuna na pele entre o campo de elétrons de 16 MeV adjacente é diminuída, ________ .",A magnitude do ponto quente diminui|A magnitude do ponto frio aumenta|Contaminação por Bremmstrahlung aumenta|Todas as afirmações acontecem|Nenhuma das afirmações acontece,A magnitude do ponto quente diminui,"Comentários: Os perfis de feixes de feixes de elétrons de alta energia “beliscam"" em relação à borda do campo em profundidades rasas e ""curvam-se"" em profundidades mais profundas. Portanto, à medida que a distância entre esses campos diminui, a magnitude do ponto quente aumentará, e o ponto frio diminuirá. Não há efeito sobre a quantidade de contaminação bremsstrahlung, que é uma função de energia."
T552,Módulo VI – Planejamento II,A profundidade de uma interface anatômica detectada por ultrassom (US) é calculada usando _______ .,A velocidade do som no meio e a densidade do meio|A velocidade do som no meio e a rigidez do meio|A velocidade do som no meio e o tempo entre o pulso e o eco|O tempo entre o pulso e o eco e a rigidez do meio|O tempo entre o pulso e o eco e a densidade do meio,A velocidade do som no meio e a densidade do meio,"Comentários: A profundidade de uma interface anatômica = 1/2 x velocidade de som no tempo médio x entre o pulso e o eco.  O 1/2 é para explicar o fato de que o tempo entre o pulso e o eco é o tempo que leva para as ondas viajarem para a interface e depois voltarem novamente.  A velocidade do som no meio está diretamente relacionada à   rigidez do meio e inversamente relacionada à densidade, mas apenas ter uma — a rigidez ou a densidade — não é informação suficiente para calcular a profundidade."
T553,Módulo VI – Planejamento II,A resolução espacial em varreduras PET é degradadada por _____ .,Alcance do pósitron|Falsas coincidências|Espalhamento do fóton|Todas as afirmativas acima são verdadeiras.|Nenhuma das opções acima é verdadeira.,Alcance do pósitron,Comentários: Todos esses três itens degradarão a resolução espacial fazendo com que o sistema detector atribua eventos a um local que não foi exatamente onde a emissão de pósitrons realmente ocorreu.  Usar um isótopo com uma energia pósitron média mais baixa ou definir uma janela de aceitação de energia mais estreita para coincidência ajudaria a aumentar a resolução espacial.
T554,Módulo VI – Planejamento II,Os sistemas de planejamento de tratamento segmentam automaticamente o corpo (ou externo) de um paciente em uma tomografia computadorizada pesquisando na tomografia por regiões de pixel com ______ unidades Hounsfield.,Uniformemente alto|Uniformemente baixo|Um alto gradiente de|Um baixo gradiente de|Nenhuma das opções acima é verdadeira,Uniformemente alto,Comentários: Gradientes elevados das unidades Hounsfield (HU) denotam regiões onde a densidade tecidual muda rapidamente.  Uma segmentação auto-externa procuraria colocar um contorno que se senta no gradiente hu alto entre tecido (HU ~ 0) e ar (HU ~ -1000).
T555,Módulo VI – Planejamento II,4D-CT usando classificação baseada em fase pode resultar em ______ para pacientes com o padrão irregular de respiração.,Artefatos do tipo anel|Imagens borradas|Imagens perdidas|Fatias descontínuas|Dose extra no paciente,Artefatos do tipo anel,Comentários: A respiração irregular faz com que imagens de fase semelhante sejam adquiridas em diferentes amplitudes.  Isso resulta em descontinuidades entre fatias.
T556,Módulo VI – Planejamento II,A dose aproximada de uma TC de cone beam kV na faixa de mGy.,0.01-0.4|0.1-4|1-40|10-400|100-4000,0.01-0.4,"Comentários: A dose exata depende da técnica utilizada, da parte do corpo imagem, e do ponto no corpo onde a medição é tomada."
T557,Módulo VI – Planejamento II,"Um paciente em decúbito dorsal deve ser tratado com um campo pequeno centrado em T3. Durante a configuração, a imagem revelou que o isocentro está atualmente no meio de T4. Os terapeutas devem mover a mesa",em direção ao teto|em direção ao chão|em direção ao Gantry|longe do Gantry|90 graus no sentido horário,longe do Gantry,Comentários: O isocentro é atualmente inferior de onde precisa estar. Mover o couch e o paciente para longe do Gantry resultará no isocentro cruzando o paciente em um nível mais superior.
T558,Módulo VI – Planejamento II,"Um benefício do full-fan, half-scan, TC cone beam é _____ .",Campo de visão maior|Resolução principal de contraste|Resolução espacial principal|Menor dose de radiação|Nenhuma das opções acima é verdadeira.,Campo de visão maior,"Comentários: Um Cone Beam  half scan full fan tem resolução espacial maior do que um half-fan, full-scan, mas tem um campo de visão menor, que muitas vezes limita a anatomia que pode ser visualizada."
T559,Módulo VI – Planejamento II,"Na análise de DVH, D100% refere-se à _____ dose.",Máximo|Mediana|Média|Mínimo|Modal,Máximo,Comentários: A	 dose mínima é aquela que abrange 100% do volume.
T560,Módulo VI – Planejamento II,ICRU 50 define “Volume tratatado” como o volume _____.,Envolto por uma isodose superficial selecionada pelo radio-oncologista para atingir o propósito do tratamento.|Envolto por um mínimo de dose no PTV|Envolto por um mínimo de dose no CTV|Envolto por um mínimo de dose no GTV|Que recebe uma dose considerada significante em relação à tolerância de tecido normal,Envolto por uma isodose superficial selecionada pelo radio-oncologista para atingir o propósito do tratamento.,Comentários: O volume que recebe dose significativa em relação à tolerância normal do tecido é o Volume Irradiado.
T561,Módulo VI – Planejamento II,Qual afirmação é VERDADEIRA em relação à radiocirurgia estereotáxica frameless (SRS)?,A grade de cálculo deve ser <2 mm.|As tolerâncias QA são diferentes para máquinas SRS e não SRS.|A precisão de posicionamento/reposicionamento do IGRT deve ser <1 mm.|Todas as afirmativas acima são verdadeiras|Nenhuma das opções acima é verdadeira,A grade de cálculo deve ser <2 mm.,"Comentários: AAPM TG-101 recomenda que os tamanhos da grade de cálculo devem ser <2 mm. AAPM TG-142 especifica que as máquinas SRS e não-SRS devem ter diferentes tolerâncias.  Nesse relatório, a tolerância para posicionamento/reposicionamento de IGRT."
T562,Módulo VI – Planejamento II,No planejamento do SBRT ______ .,Aumentar o número de feixes pode aumentar a conformidade|Feixes de alta energia diminuirão a penumbra|Heterogeneidade de dose dentro do alvo é a prioridade mais alta|Todas as afirmativas acima são verdadeiras|Nenhuma das opções acima é verdadeira,Aumentar o número de feixes pode aumentar a conformidade,"Comentários: Um aumento no número de feixes pode aumentar a conformidade da dose, mas o uso de feixes de maior energia levará ao aumento da penumbra. Normalmente, a conformidade das doses é a maior prioridade, e os pontos quentes dentro do alvo são tolerados, mesmo geralmente preferidos."
T563,Módulo VI – Planejamento II,"Tradicionalmente, os tratamentos de radiocirurgia intracraniana têm sido prescritos para a linha de isodose de 50% a 80% para minimizar _______ .",Pontos quentes|Tempo de tratamento|Exposição do Tecido normal|Todas as afirmativas acima são verdadeiras|Nenhuma das opções acima é verdadeira,Pontos quentes,"Comentários: Prescrever para a linha de isodose de 50% a 80% implica que se está prescrevendo na penumbra do feixe. Isso introduzirá pontos quentes altos, mas minimizará a quantidade de tecido normal no campo."
T564,Módulo VI – Planejamento II,Os benefícios dos cones sobre os MLC para radiocirurgia intracraniana é/são _____ .,Penumbra mais nítida|Um isocentro por lesão sem considerar o tamanho da lesão.|Um isocentro por lesão sem considerar o formato da lesão.|Todas acima são verdadeiras|Nenhuma acima é verdadeira,Penumbra mais nítida,"Comentários: O MLC tem muitas vantagens para a radiocirurgia craniana, ou seja, que não há limitações de tamanho ou forma de campo para o uso de um único isocentro, e há mais flexibilidade na técnica (arco conformal estático, dinâmico, IMRT, VMAT). No entanto, uma vez que os cones coliman o feixe mais perto da cabeça do paciente, eles têm a vantagem de uma penumbra geométrica mais nítida."
T565,Módulo VI – Planejamento II,"Um feixe de elétrons de 12 MeV percorre 3 cm de tecido mole e depois 3 cm de osso com um coeficiente de espessura equivalente (CET) de 1,5. O alcance geométrico desse feixe de elétrons é _____ cm.","3|3,5|4|4.5|5",3,"Comentários: O método CET (coeficiente de espessura equivalente) pode ser usado para corrigir a mudança da dose de profundidade além de uma grande e uniforme heterogeneidade. A atenuação por uma dada espessura z da heterogeneidade equivale à atenuação (z x CET) da água. A faixa de 12 elétrons MeV é de 6 cm de água. A faixa geométrica de 12 raios eletrônicos MeV neste caso é de 3 cm (em tecido mole) + (3 / 1,5) cm (no osso) = 5 cm."
T567,Módulo VI – Planejamento II,Uma lesão deve ser tratada com um feixe de elétrons. Para qual faixa de energia é MENOS necessário usar bolus para aumentar a dose na pele?,6 MeV ou inferior|6 a 9 MeV|9 a 12 MeV|12 a 15 MeV|15 a 20 MeV,6 MeV ou inferior,"Comentários: À medida que a energia dos elétrons aumenta, a dose da pele também aumenta. A dose superficial para estes elétrons de maior energia é apenas alguns por cento menor do que a dose dmax."
T568,Módulo VI – Planejamento II,A quantidade mínima de chumbo necessária para blindar internamente o tecido normal distal de uma lesão de mucosa bucal de 4 cm de espessura quando um feixe de elétrons de 12 MeV é usado é _____.,2 mm|4 mm|6 mm|8 mm|10 mm,2 mm,"Comentários: A energia eletrônica   média diminui linearmente com profundidade, de tal forma que após 4 cm a energia média do feixe de   elétrons restante é   dada por: E = E0 (l- z/Rd) ou E = 12 MeV (l - 4 cm / 6 cm) = 4 MeV. Como regra geral, a quantidade mínima de chumbo necessária é dada em milímetros como E (MeV)/2. Após passar por uma lesão de 4 cm, a energia média do feixe será de 4 MeV, o que implica que é necessário um mínimo de 2 mm de chumbo."
T569,Módulo VI – Planejamento II,Qual das alternativas a seguir é FALSA em relação ao uso de imagens PET para o planejamento do tratamento?,"As imagens PET podem permitir a diferenciação entre lesões benignas e malignas.|A varredura PET pode ser usada para acompanhar as alterações nos tumores que ocorrem ao longo do tempo com a terapia.|PET fornece informações fisiológicas do tumor com alta resolução espacial.|Em um scanner PET/CT combinado, apenas a mesa é movida entre as modalidades, minimizando os erros de posicionamento nos conjuntos de dados escaneados de ambas as unidades.|Em um scanner combinado de PET/CT, a precisão geométrica das imagens de CT complementa as habilidades de imagem fisiológica do PET.",As imagens PET podem permitir a diferenciação entre lesões benignas e malignas.,"Comentários: A resolução espacial do PET é limitada a 3 a 4 mm. Uma série de fatores contribuem para a resolução espacial de um scanner PET, incluindo o tamanho físico do elemento detector, alcance de pósitrons, penetração no anel do detector, a não-colinearidade que surge do desvio dos dois fótons de aniquilação da posição exata de 180° e erros de decodificação nos módulos do detector."
T570,Módulo VI – Planejamento II,Qual das opções a seguir lista corretamente os tecidos em ordem crescente de brilho em uma imagem de ressonância magnética ponderada em T2?,"gordura, osso, substância cinzenta, substância branca, LCR|LCR, substância cinzenta, gordura, substância branca, osso|substância cinzenta, gordura, substância branca, LCR, osso|osso, gordura, substância branca, substância cinzenta, LCR|LCR, substância cinzenta, substância branca, gordura, osso","gordura, osso, substância cinzenta, substância branca, LCR","Comentários: T2 relaxamento é uma medida de quanto tempo leva para os prótons giratórios excitados ficarem fora de fase. Em uma imagem ponderada T2, o CSF aparece como branco brilhante e osso aparece como preto."
T571,Módulo VI – Planejamento II,"Comparado ao registro de imagem deformável, registro rígido _____.",É mais computacionalmente exigente|Permite uma avaliação mais direta da qualidade de registro|É menos confiável para registro de imagem intermodal|Todas as afirmativas acima são verdadeiras.|Nenhuma das opções acima é verdadeira.,É mais computacionalmente exigente,"Comentários: Uma vez que um registro rígido inclui apenas translações e rotações, avaliar a qualidade do registro é relativamente simples, e muitas vezes envolve o uso de ferramentas como óculos de espião ou sobreposição das imagens. O registro de imagem deformável inclui a deformação de uma imagem para outra, e é difícil avaliar se a deformação é feita corretamente.  O registro rígido é menos exigente computacionalmente e é uma melhor opção para a intermodalidade, por exemplo, CT para MR, registro de imagem."
T572,Módulo VI – Planejamento II,Qual das seguintes opções é VERDADEIRA sobre as diferenças entre RM e TC para o planejamento da radioterapia de próstata?,"A próstata pode ser delineada com mais precisão na TC.|Artefatos de movimento são mais prováveis ​​na TC.|Alterações anatômicas internas, como enchimento da bexiga ou alterações retais, são mais prováveis ​​de serem observadas ao longo de uma tomografia computadorizada de simulação.|Todas as afirmativas acima são verdadeiras.|Nenhuma das opções acima é verdadeira.",A próstata pode ser delineada com mais precisão na TC.,"Comentários: No MR é mais difícil ver a diferença entre a próstata e os tecidos moles circundantes, de modo que geralmente um delineamento da glândula na MR seria mais precisa do que o da TC. Nos tomógrafos modernos, uma tomografia simulada cobrindo a pelve pode ser adquirida em menos de um minuto, muito curta para observar o enchimento da bexiga ou alterações retais, e   artefatos de movimento mínimo são esperados. No entanto, o tempo de ressonância magnética geralmente é significativamente maior, especialmente se várias sequências forem adquiridas. Portanto, artefatos de movimento e alterações observadas na bexiga, reto ou forma ou tamanho intestinal são mais propensos a ocorrer ao longo de múltiplas aquisições de sequência de ressonância magnética do que durante uma única tomografia de simulação."
T573,Módulo VI – Planejamento II,"Quando o modo de aquisição CBCT é alternado de full fan para half fan, _____ deve acontecer.",uma diminuição em kV|uma diminuição em mAs|uma mudança no filtro de gravata borboleta completa para meia gravata borboleta|uma mudança na rotação do pórtico de 360 ​​graus para 180 graus|Todas as afirmativas acima são verdadeiras.,uma diminuição em kV,"Comentários: A geometria CBCT é  usada quando um pequeno campo de visão (FOV) deve ser capturado.  Como todo o volume a ser imageado está no feixe, 180 graus é uma faixa suficiente de ângulos para capturar a imagem. É usado um filtro de gravata borboleta completa. Para uma geometria CBCT de meio ventilador, que captura um ESPUMA maior para um determinado ângulo de pórtico, apenas metade do volume de interesse está no feixe, então 360 graus são necessários. É usado um filtro de meia gravata borboleta."
T574,Módulo VI – Planejamento II,"Em comparação com as tomografias helicoidais, qual das seguintes opções sobre CBCT é FALSA? Imagens de CBCT _____.",tem mais artefatos de espalhamento|tem artefatos de ventosa maiores|ter um campo de visão limitado na direção superior/inferior|resultar em densidades eletrônicas menos precisas|não pode ser fundido com outras modalidades de imagem,tem mais artefatos de espalhamento,"Comentários: Com CBCT todo o volume é irradiado simultaneamente, exacerbando artefatos de imagem. Ao contrário da tomografia helicoidal, onde o sofá pode ser conduzido continuamento através do Bore, resultando em grandes comprimentos de varredura, CBCT é limitado ao comprimento do detector na direção superior/inferior do paciente. As imagens CBCT podem ser fundidas e registradas em outras modalidades de imagem, semelhantes à tomografia computadorizada."
T575,Módulo VI – Planejamento II,"Ao adquirir imagens em um linac, a imagem planar fornece _____ dose do que a imagem volumétrica, enquanto a imagem kV fornece _____ dose do que a imagem MV para técnicas de varredura semelhantes. R. mais; mais",mais; menos|menos; mais|menos; menos|semelhante; semelhante,mais; menos,Comentários: A imagem planar dá menos dose do que a imagem volumosa porque esta última é uma reconstrução baseada em dados adquiridos em várias imagens planares.
T576,Módulo VI – Planejamento II,A dose típica de um kV-CBCT da pelve é da ordem de _____.,"0,02 cGy|0,2 cGy|2 cGy|20 cGy|200 cGy","0,02 cGy","Comentários: De acordo com o recente TG-180 AAPM relatórios Doses de Orientação de Imagem Entregues durante a Radioterapia.  Quantificação, Gestão e Redução, os atuais escaneamentos CBCT ainda fornecem mais dose ao paciente do que um par de filmes ortogonais kV, e a dose do CBCT está na ordem de vários cGy."
T577,Módulo VI – Planejamento II,Qual das seguintes afirmações sobre imagens de ultrassom é VERDADEIRA?,"As imagens de ultrassom exibem as propriedades de atenuação do sinal de ultrassom dos tecidos.|O osso tem um coeficiente de atenuação de ultra-som mais baixo do que o músculo.|O ultrassom é uma radiação ionizante, pois possui alta frequência.|Em imagens médicas, a direção de propagação da onda de ultrassom é paralela ao deslocamento da partícula nos tecidos.|A velocidade do som é independente do material que está sendo atravessado.",As imagens de ultrassom exibem as propriedades de atenuação do sinal de ultrassom dos tecidos.,"Comentários: Ultrasound é uma onda mecânica que não produz radiação ionizante. As partículas no meio são deslocadas de forma sinusoidal, mas não se propagam com a energia das ondas. As imagens do ultrassom mostram as propriedades de reflexo do ultrassom dos tecidos. A velocidade do som depende do material percorrido, e o osso tem um coeficiente de atenuação maior do que o músculo."
T578,Módulo VI – Planejamento II,"Na radiografia digital, o tamanho do pixel está relacionado à resolução _____ e a profundidade de bits do pixel está relacionada à resolução _____.",temporal; espacial|espacial; temporal|espacial; contraste|contraste; espacial|contraste; temporal,temporal; espacial,"Comentários: A resolução espacial está relacionada à capacidade de distinguir entre dois objetos discretos que estão próximos um do outro no espaço. Na radiografia digital, a resolução espacial é afetada pelo tamanho do pixel e espaçamento. A resolução de contraste está relacionada à capacidade de distinguir entre dois níveis diferentes de intensidade de imagem. Um pixel com um pouco mais de profundidade pode conter mais informações, portanto, melhorará a resolução de contraste. A resolução temporal é a capacidade de resolver objetos em movimento rápido no tempo, e depende da rapidez com que os valores dos pixels podem ser lidos, para que eles possam adquirir e gravar a próxima imagem."
T579,Módulo VI – Planejamento II,O volume irradiado definido na ICRU 83 é o volume do tecido que recebe _____.,pelo menos uma dose selecionada e especificada pelo radio-oncologista como sendo apropriada para atingir o objetivo do tratamento|uma dose que é considerada significativa em relação à tolerância normal do tecido|uma dose que seja pelo menos 20% da dose prescrita|uma dose que seja pelo menos 10% da dose prescrita|uma dose que seja pelo menos 5% da dose prescrita,pelo menos uma dose selecionada e especificada pelo radio-oncologista como sendo apropriada para atingir o objetivo do tratamento,Comentários: O volume irradiado é maior do que o volume tratado e depende da técnica de tratamento utilizada.
T580,Módulo VI – Planejamento II,"A margem do volume alvo de planejamento (PTV) pode ser reduzida por todas as técnicas a seguir, exceto _____.",Imagem ortogonal 2D kV|kV CBCT|CBCT MV|IMRT|sistemas de rastreamento de tumores em tempo real,Imagem ortogonal 2D kV,"Comentários: O PTV inclui margem interna (IM) e margem de configuração do paciente (SM) para compensar os movimentos fisiológicos internos e a variação de tamanho e forma, bem como as incertezas de configuração do paciente. Todas as técnicas de IGRT podem ser usadas para redução da margem PTV. O uso da IMRT por si só não justifica uma redução da margem PTV. O IMRT tem mais impacto no gradiente da dose, o que pode resultar em menos dose para um OAR próximo."
T581,Módulo VI – Planejamento II,"Em um histograma de dose-volume, o valor de PTV D100% representa a dose _____ recebida por 100% do PTV.",mínima|média|mediana|máximo|exato,mínima,
T582,Módulo VI – Planejamento II,"Qual das seguintes afirmações sobre simulações de radioterapia somente com RM (ou seja, nenhuma tomografia computadorizada) é FALSA?",Podemos estimar a atenuação dos feixes de tratamento criando uma TC sintética a partir da RM.|A ressonância magnética pode conter distorções geométricas maiores do que uma tomografia computadorizada.|Nem todos os pacientes de radioterapia poderão se submeter a uma ressonância magnética. D. Várias sequências de ressonância magnética podem ter que ser usadas para obter imagens de diferentes aspectos do alvo.|A simulação de RM é mais rápida do que uma simulação regular baseada em TC.,Podemos estimar a atenuação dos feixes de tratamento criando uma TC sintética a partir da RM.,"Comentários: As ressonâncias magnéticas levam mais tempo, especialmente se várias sequências diferentes forem necessárias."
T583,Módulo VI – Planejamento II,"Atualmente, uma clínica usa imagens 2D-KV ortogonais para localizar a anatomia óssea para tratamentos de próstata. As margens de PTV podem potencialmente ser ainda mais reduzidas em _____.",usando TC de feixe cônico diária|geração de imagens semanalmente em vez de diariamente|reduzindo a resolução espacial da tomografia computadorizada de simulação|usando terapia de arco modulado volumétrico em vez de Radioterapia de intensidade modulada estática|Nenhuma das opções acima é verdadeira.,usando TC de feixe cônico diária,"Comentários: O Cone Beam diário pode fornecer localização 3D ao tecido mole, o que é mais preciso para um alvo de tecido mole, como a próstata do que o alinhamento de radiografias ortogonais perpendiculares à anatomia óssea."
T584,Módulo VI – Planejamento II,O objetivo principal do uso de apneia de inspiração profunda (DIBH) para campos tangentes à mama é diminuir _____.,dose cardíaca em câncer de mama do lado esquerdo|dose cardíaca em câncer de mama do lado direito|dose pulmonar em câncer de mama do lado esquerdo|dose pulmonar em câncer de mama do lado direito|homogeneidade da dose alvo,dose cardíaca em câncer de mama do lado esquerdo,"Comentários: DIBH afasta o coração dos campos tangentes inflando os pulmões. Isso diminui a dose cardíaca. Pode diminuir a dose pulmonar também, mas este não é o objetivo principal de usar a técnica. O DIBH é principalmente eficaz para tratamentos do lado esquerdo. DIBH não tem efeito na homogeneidade do alvo."
T585,Módulo VI – Planejamento II,_____ é uma aplicação clínica apropriada de monitoramento de movimento usando sistemas ópticos de imagem de superfície.,Irradiação de extremidades|Radiocirurgia baseada em linac sem frame|Suspensão da respiração por inspiração profunda para irradiação da mama esquerda|Todos os itens acima são aplicações clínicas apropriadas.|Nenhuma das opções acima é apropriada para aplicações clínicas.,Irradiação de extremidades,"Comentários: O monitoramento óptico da superfície é um método apropriado para monitorar o movimento para locais de tratamento que são superficiais, como extremidade ou mama, ou locais que têm uma conexão muito rígida entre a superfície e a anatomia interna, como o rosto e a cabeça com uma lesão intracraniana."
T586,Módulo VI – Planejamento II,A exatidão de um sistema de rastreamento de beacon eletromagnético pode ser afetada por _____.,espessura do paciente|a presença de implantes metálicos|um número insuficiente de sinalizadores|Todas as afirmativas acima são verdadeiras.|Nenhuma das opções acima é verdadeira.,espessura do paciente,"Comentários: Os sistemas de rastreamento de farol eletromagnético têm um alcance limitado, por isso a espessura do paciente entre os faróis e o transponder evitará um rastreamento preciso, assim como a presença de implantes metálicos. Um número insuficiente de sinalizadores, ou o número correto com espaçamento inadequado, não permitirá que a matriz do detector triangular no alvo."
T587,Módulo VI – Planejamento II,Uma limitação da imagem kV ortogonal montada em linac é _____.,contraste pobre da anatomia óssea|uma capacidade reduzida de obter imagens ortogonais quando a mesa é girada|uma redução na velocidade do gantry|a incapacidade de produzir imagens ântero-posteriores e laterais padrão|a incapacidade de adquirir imagens de TC de feixe cônico,contraste pobre da anatomia óssea,"Comentários: Quando o couch é girado para um ângulo de 10 graus ou mais e os braços de imagem são estendidos, o Ganty não pode ser movido para adquirir imagens ortogonais sem colidir com o paciente ou a mesa."
T588,Módulo VI – Planejamento II,Planejamento de tratamento baseado em conhecimento _____.,"pode reduzir efetivamente o tempo de planejamento do tratamento para zero e, portanto, evita a necessidade de um dosimetrista|usa as diretrizes da National Comprehensive Cancer Network (NCCN) para selecionar automaticamente as margens CTV e PTV|utiliza planos previamente tratados para gerar um modelo que pode prever os resultados do planejamento de tratamento e orientar a otimização|incorpora dados de imagem durante o tratamento para considerar as alterações anatômicas e revisa automaticamente o plano|projeta planos de tratamento robustos a mudanças anatômicas internas","pode reduzir efetivamente o tempo de planejamento do tratamento para zero e, portanto, evita a necessidade de um dosimetrista","Comentários: O planejamento do tratamento baseado no conhecimento requer uma biblioteca de planos passados para prever o histograma de volume de dose (DVH) para o paciente atual.  ""Algumas implementações alimentam essa previsão de DVH em um mecanismo de otimização para tentar criar um plano desovelável que resulte nesse DVH."
T590,Módulo VI – Planejamento II,A espessura mínima do chumbo para bloquear um feixe de elétrons de 6 MeV é _____.,1 mm|3 mm|5 mm|7 milímetros.|10 milímetros,1 mm,Comentários: A faixa prática de elétrons na água (em cm) é aproximadamente metade de sua energia (em MeV).  A espessura do chumbo necessária é aproximadamente 10 vezes menor que a água.
T591,Módulo VI – Planejamento II,"Um campo de elétrons de 9 MeV tem um recorte de 7 × 8 cm2 em um cone de 10 × 10 cm2. Se o tamanho do recorte for alterado para 5 × 6 cm2, o número necessário de unidades monitoras (MU) é _____.",aumentou 10%|aumentou 5%|será o mesmo|diminuiu 5%|diminuiu 10%,aumentou 10%,"Comentários: A profundidade do lado distal da linha de isodose de 90% pode ser aproximada como E/3.2 da energia de elétrons. Assim, um feixe de 9 MeV tratará aproximadamente 2,8 cm. O uso de uma energia mais alta irá expor desnecessariamente mais tecido."
T593,Módulo VI – Planejamento II,O registro de imagem deformável é o menos confiável ao registrar qual par de imagens?,um CT antigo para um novo CT para fins de soma de dose|a porção CT de um PET/CT para um CT de simulação e aplicando a transformação ao PET|uma TC de contraste de diagnóstico para uma TC de simulação|uma ressonância magnética ponderada em T1 para uma TC de simulação|um TC de simulação para um TC de feixe cônico,um CT antigo para um novo CT para fins de soma de dose,"Comentários: Comparado à realização de um registro de imagem deformável entre conjuntos de imagens da mesma modalidade, o registro de imagem deformável entre modalidades, como CT para MR, é menos confiável."
T594,Módulo VI – Planejamento II,A simulação de TC 4D é mais útil para o planejamento do tratamento de tumores localizados perto do _____. Um cérebro,pescoço|diafragma|pélvis|extremidades,diafragma,"Comentários: 4DCT permite determinar o movimento do tumor. Tumores próximos ao diafragma (pulmão, fígado, etc.) são os mais afetados pelo movimento respiratório."
T595,Módulo VI – Planejamento II,O tempo de tratamento para administrar 100 Gy usando uma técnica SRS com múltiplas (~200) fontes de Co-60 é de 25 minutos. Quantos minutos seriam necessários para fornecer uma dose prescrita de 60 Gy com o mesmo plano e exatamente as mesmas fontes de Co-60 cinco anos depois?,20|25|30|50|60,20,"Comentários: A meia-vida do Co-60 é de 5,26 anos, portanto, assumindo a mesma fonte exata e o mesmo plano, os tempos de tratamento   terão aproximadamente dobrado cinco anos depois.   Um tratamento de 100  Gy levaria 50 minutos. Para entregar 60 Gy, o novo tempo de tratamento será (60/100) X 50 minutos = 30 minutos."
T596,Módulo VI – Planejamento II,Qual dos seguintes fatores afeta a queda de dose fora do PTV em um plano SRS/SBRT?,energia do feixe|colimação do feixe|linha de isodose prescrita|Todas as afirmativas acima são verdadeiras.|Nenhuma das opções acima é verdadeira.,energia do feixe,"Comentários: A energia do feixe e o sistema de colimação afetarão diretamente a penumbra do feixe e a queda da dose.  A consequência da prescrição para uma linha de isodose baixa (50% a 80%) resultará em um ponto quente alto, mas minimizará a queda da dose fora do PTV."
T597,Módulo VI – Planejamento II,"De acordo com as Diretrizes Práticas da AAPM para SRS/SBRT (MPPG 9a), a avaliação dosimétrica de ponta a ponta usando o frame SRS ou sistema IGRT deve ser realizada no comissionamento inicial e _____.",em nenhum outro momento|diariamente|semanalmente|anualmente|semestralmente,em nenhum outro momento,"Comentários: A Diretriz de Prática AAPM para SRS/SBRT descreve o nível mínimo de suporte à física médica necessário para o SRS e o SBRT. A tabela 1 na diretriz resume o QA do equipamento e as tolerâncias associadas.  Os testes de ponta a ponta, tanto para avaliação de localização quanto para avaliação dosimétrica, são listados como um teste anual."
T598,Módulo VI – Planejamento II,"De acordo com as Diretrizes Práticas da AAPM para SRS/SBRT (MPPG 9a), a tolerância do teste mensal de isocentricidade de radiação deve estar dentro de _____ mm para SRS e _____ mm para SBRT.","0,5; 0,5|1,0; 2,0|1,5; 1,5|0,5; 1,0|1,0; 1,5","0,5; 0,5","Comentários: O teste mensal de isocentricidade de radiação deve cobrir a gama de posições de Gantry, colisão e couch utilizadas clinicamente."
T599,Módulo VI – Planejamento II,"Qual das alternativas a seguir é uma consideração exclusiva ao planejar com um isocentro único, em vez de múltiplo, para o tratamento de múltiplas metástases cranianas?",derramamento de dose entre alvos|conformidade de dose|técnica de orientação por imagem|distância de cada alvo até o crânio|distância de cada alvo ao isocentro,derramamento de dose entre alvos,"Comentários: Ao usar isocentros separados para cada alvo, cada isocentro geralmente é colocado dentro do centroide do alvo.  No entanto, ao usar um único isocentro para múltiplas metástases, o isocentro geralmente está em algum ponto entre os alvos. Quanto mais distante um alvo específico for do isocentro, maior será o efeito do erro de configuração rotacional."
T600,Módulo VI – Planejamento II,"Para o mesmo nível de dose, qual dos seguintes tipos de radiação provavelmente causaria o maior dano ao tecido humano?","nêutrons de 10 keV|nêutrons de 2 MeV|elétrons de 12 MeV|Raios gama de 1,33 MeV|Prótons de 70 MeV",nêutrons de 10 keV,"Comentários: A eficácia biológica relativa (RBE) por tecido de massa unitária pode ser usada para comparar a quantidade de dano causado por cada interação com as várias massas de tecido humano.  Os valores RBE baseiam-se nas recomendações do ICRP 60 de 1990 da Comissão Internacional de Proteção Radiológica.  Os nêutrons têm uma faixa de RBE de 5 a 20, dependendo da energia, com os neutrons mais prejudiciais na faixa de 100 keV a 2 MeV."
T601,Módulo VI – Planejamento II,"No tratamento de isocentro único de múltiplas metástases cerebrais, erro de configuração rotacional do paciente _____ com a distância isocentro-alvo _____.",aumenta; aumenta|aumenta; diminui|diminui; aumenta|diminui; diminui|permanece constante; mudanças,aumenta; aumenta,"Comentários: O erro de rotação aumenta com a distância do isocentro porque o comprimento do arco é definido como raios-X em graus.  À medida que o raio (distância) aumenta, o comprimento do arco aumenta."
T602,Módulo VI – Planejamento II,Os planos de radioterapia estereotáxica corporal geralmente exibem _____ em comparação com os planos de IMRT fracionados convencionalmente.,maior heterogeneidade de dose dentro do alvo|menos unidades de monitor|energia de fótons mais alta|Todas as afirmativas acima são verdadeiras.|Nenhuma das opções acima é verdadeira,maior heterogeneidade de dose dentro do alvo,"Comentários: Os planos da SBRT geralmente apresentam uma distribuição de dose menos homogênea dentro da meta, já que a compensação de minimizar a irradiação de tecidos normais circundantes é aumentar a dose-alvo."
T603,Módulo VI – Planejamento II,"Dos procedimentos a seguir, _____ NÃO é realizado rotineiramente em um programa SRS baseado em cone.",planejamento do tratamento|um teste de Winston-Lutz|uma verificação diária de saída|uma verificação de bloqueio de segurança|uma medição do fator de saída do cone,planejamento do tratamento,Comentários: A medição do fator de saída do cone é uma tarefa complicada realizada no comissionamento do programa SRS.
T604,Módulo VI – Planejamento II,"O índice de conformidade é uma medida de tecido normal irradiado a _____ dose, e o índice de gradiente é uma medida de _____. alto; taxa de dose",alto; queda de dose|alto; dose baixa para tecido normal|intermediário; queda de dose|intermediário; dose baixa para tecido normal,alto; queda de dose,"Comentários: O índice de conformidade é a razão de volume receber dose prescrita ao volume de PTV, que mede o tecido normal irradiado para alta dose. O índice de gradiente é a razão de volume que recebe 50% (ou 60%) de dose prescrita para o volume de PTV, o que reflete a queda da dose."
T648,Módulo VIII – Braquiterapia,"Um paciente tem um implante temporário da coxa contendo 110 mCi de sementes de Ir192. A taxa de exposição a 30 cm do implante (ignorando atenuação tecidual) é de cerca de _____mR/h.  (Taxa de exposição const para Ir192 = 4,7 R.cm2.mCi-1.h-1) 570 430 280 190 56","Comentários: A taxa de exposição é: Atividade x Constante de taxa de exposição x l/d2. = 110 x 4,7 x 1/900 = 0,574 R/h = 574 mR/h.","Comentários: A taxa de exposição é: Atividade x Constante de taxa de exposição x l/d2. = 110 x 4,7 x 1/900 = 0,574 R/h = 574 mR/h.",
T678,Módulo VIII – Braquiterapia,"Para o tratamento HDR utilizando um tandem de titânio e aplicador ovoid, sugere-se que o planejamento seja feito usando tomografias de ressonância magnética para delinear melhor o tumor. Qual dos seguintes está correto?","O plano pode ser feito a partir de uma ressonância magnética, usando o mesmo aplicador.|O plano pode ser feito a partir de uma ressonância magnética, mas um aplicador não metálico deve ser usado.|O mesmo aplicador pode ser usado, mas uma tomografia adicional deve ser adquirida para calcular correções de heterogeneidade.|Um aplicador não metálico deve ser utilizado e, além da ressonância magnética, uma tomografia computadorizada também deve ser adquirida para calcular as correções de heterogeneidade.","O plano pode ser feito a partir de uma ressonância magnética, usando o mesmo aplicador.","Comentários: Os aplicadores de titânio são compatíveis com CT/RESSONÂNCIA Magnética e are disponível em frente vários fornecedores de equipamentos de braquiterapia e, como tal, permitem ambas as modalidades de tomografia.  As correções de inhomogeneidade geralmente não são feitas para o planejamento de T&O"
T699,Módulo VIII – Braquiterapia,"Sobre uma distância inicial de 5 cm de uma fonte puntiforme de Ir192 envolvida em água, a taxa de percetual de dose irá decrescer _________________ o inverso do quadrado da distância devido a _______________ .",De acordo com; atenuação a espalhamento um compensando o outro|Mais lento que; dominação da contribuição do espalhamento|Mais lento que; dominação da contribuição da atenuação|Mais rápido que; dominação da contribuição do espalhamento|Mais rápidos que; dominação da contribuição da atenuação,De acordo com; atenuação a espalhamento um compensando o outro,"Comentários: Quando uma fonte de ponto é implantada no tecido, tipicamente a lei quadrada inversa e atenuação contribuir para a diminuição da taxa  de dose. No entanto, para uma  fonte  l92Ir, a atenuação dos  fótons primários é  muito compensada pela contribuição de fótons  espalhados. A  taxa   de  dose percentual em  função da distância na água é praticamente indistinguível da curva de lei quadrada inversa até 5 cm."
T700,Módulo VIII – Braquiterapia,"Um paciente recebe um implante permanente de um radioisótopo que tem 10 dias de meia-vida, a taxa de dose inicial é 0.18 Gy/h, resultando em uma dose total aproximada de ____.",43 Gy|54 Gy|62 Gy|101 Gy|144 Gy,43 Gy,"Comentários: A dose total é a taxa de dose inicial  (DRC) multiplicada pela  vida  média, onde a média a vida é 1,44 x T1/2.  Portanto,  Dt = 0,18 Gy/h x 1,44 x 10 dias  x 24 horas/l dia = 62,21 Gy."
T701,Módulo VIII – Braquiterapia,O cabo que contém a fonte de HDR quebra e a fonte foi deixada dentro da paciente. O responsável por remover a fonte e colocá-la dentro do cofre de chumbo é __________.,Enfermeira|Físico Médico|Radio-Oncologista|Tecnólogo em Radiologia,Físico Médico,"Comentários: Remover uma fonte ou cateter de um paciente é claramente um procedimento médico que pode até implicar a remoção de suturas e outros dispositivos implantados cirurgicamente, portanto deve ser realizado por um médico. O físico médico, no entanto, deve estar presente para auxiliar e também para garantir que, uma vez removido, a fonte seja devidamente colocada em um recipiente blindado."
T702,Módulo VIII – Braquiterapia,"Conforme as regulamentações da AMERICANAS, uma fonte de HDR deve ser substituídas em intervalos que não excedam _________ .",3 meses|12 meses|1 meia vida da fonte|Depende da meia-vida da fonte|Não existem regulações que determinem a frequência de troca da fonte,3 meses,"Comentários: Não há regulamentação real. No entanto, os tempos de tratamento serão muito longos se a atividade da fonte for muito baixa. Normalmente, as fontes HDR são substituídas após aproximadamente 1 meia-vida."
T703,Módulo VIII – Braquiterapia,O principal objetivo do cilindro vaginal usado em braquiterapia é:,Eliminar a necessidade e esterilizar o aplicador|Melhorar a homogeneidade de dose sobre o volume tratado|Melhorar o carregamento diferencial de distribuições de dose para HDR|Gerar uma distribuição no formato de pera.|Tornar o aplicador compatível com a ressonância magnética,Eliminar a necessidade e esterilizar o aplicador,"Comentários: Uma vez que a dose segue a lei quadrada inversa no tecido, o volume adjacente à fonte experimenta heterogeneidade significativa com profundidade. Afastar o tecido com o cilindro diminui a queda sobre o mesmo volume tratado e cria uma distribuição de dose mais homogênea dentro do volume tratado. É um efeito semelhante ao aumento da distância fonte-a-pele no tratamento do feixe externo."
T704,Módulo VIII – Braquiterapia,Um tratamento HDR leva 6 minutos com um conte de Ir192. Usando a mesma fonte 100 dias depois esse tempo seria ______.,2.4 min|4.4 min|6.0 min|8.1 min|15.3 min,2.4 min,"Resolução: A meia-vida de 192Ir é de 74 dias. A(t) = A0 x e -ƛ t, A(t=100 d) = A0 x e - (Em 2/74 d)(100  d) A(t=100 d) = 0,39 x A0. Portanto, o tratamento levaria 6 minutos / 0,39 = 15,3 min no dia 100."
T705,Módulo VIII – Braquiterapia,Usando Co60 ao invés de Ir192 como fonte de HDR irá ____________ .,Necessitar de mais blindagem na sala de tratamento|Necessitar de uma maior frequência na troca de fontes|Diminuir a dose em órgãos distantes|Todas as afirmativas acima são verdadeiras.|Nenhuma das opções acima é verdadeira.,Necessitar de mais blindagem na sala de tratamento,"Comentários: 60Co tem uma energia de fóton médio de 1,25 MeV, enquanto '2Ir tem energias máximas e médias de 1,06 MeV e 0,38 MeV, respectivamente. Portanto, o 60Co exigirá mais blindagem da sala e fornecerá maior dose para órgãos distantes.  No entanto, a meia-vida mais longa da 60Co (5,26 anos contra 73,4 dias) implica que as mudanças de origem terão que acontecer com menos frequência."
T706,Módulo VIII – Braquiterapia,A finalidade de um balão multilúmen para braquiterapia de mama é ______.,Avaliar de canais adicionais no caso de bloqueio|Evitar a possibilidade de liberar o tratamento com balões rompidos|Providenciar o formato de dose usando diferentes padrões de carregamento em diferentes canais|Facilitar a inserção ou remoção de balões|Reduzir o tempo de tratamento,Avaliar de canais adicionais no caso de bloqueio,"Comentários: Comparado a um balão de lúmen único, que depositará a dose isotropicamente da única fonte, um balão multi-lúmen pode ser usado para conformar a dose para cavidades de tamanho irregular."
T707,Módulo VIII – Braquiterapia,O profissional que prepara o equipamento de HDR deverá ser:,Um empregado do hospital|Um físico certificado|Um médico radio-oncologista qualificado|Incluído na licença de material radioativo|Um professional especialmente treinado para materiais radioativos,Um empregado do hospital,
T708,Módulo VIII – Braquiterapia,Se a taxa de kerma a 2 metros de uma fonte de braquiterapia é 1pGyh a intensidade de fonte é _______ .,0.25 U|0.5 U|1U|2U|4U,0.25 U,"Comentários: AAPM recomendou a quantidade de ""Intensidade do kerma de ar “ para a especificação da força da fonte braquiterapia. A  resistência do kerma de ar  é definida como o produto da taxa de kerma de ar  e o quadrado da distância do ponto de calibração do centro de origem ao longo do bisetor perpendicular: Sk = K1 x l2 SK : Intensidade do kerma de ar na unidade de U (Gy m2 h-1 ) K: é a taxa de kerma de ar (pGy h-1) a uma distância especificada l(m). A intensidade do kerma de ar desta fonte brachy é de 1 μGy h-1 x (2m)2 = 4 μ Gy m2 h-1 = 4U."
T709,Módulo VIII – Braquiterapia,"Uma semente de Ir192 é equivalente a ____ mg-Ra eq (Constante de taxa de exposição Ra226 : 8,25 R-cm2/mg-h; Ir192 4.69 R-cm2/mg-h)","0,568|1,136|1,749|3,518|5,277","0,568","Comentários: Por definição, eu mg-Ra eq dá 8,25 R/h em 1cm.  Com base na constante  taxa de exposição acima, 1 mCi 192Ir dá 4,69 R/h a l cm, portanto:Equivalente à massa de rádio = 4,69/8,25 mg-Ra eq = 0,568 mg-Ra eq"
T710,Módulo VIII – Braquiterapia,Um radionuclídeo com alta atividade específica é preferível para braquiterapia porque ele tem a vantagem de _______ .,Menor tamanho de fonte|Alta constate de taxa de exposição|Alta constante de kerma no ar|Menor meia vida|Menor camada semi-redutora,Menor tamanho de fonte,Comentários: Atividade específica é atividade por unidade de massa (mCi/g).  Uma atividade específica elevada permite a fabricação de pequenas fontes necessárias para alguns aplicadores especiais.
T711,Módulo VIII – Braquiterapia,"Uma paciente recebeu uma série idêntica de tratamentos HDR. No primeiro plano foi liberado 5Gy/fração sendo que a fonte estava com a atividade de 10 Ci. O tempo de tratamento foi 100 segundos. Depois de algumas frações, o radio-oncologista reduziu a dose para 4 Gy/fração mantendo a distribuição relativa imutável. A fonte havia decaído para 8 Ci. Qual o tempo correto para esta prescrição.",80 seg|92 seg|100 seg|112 seg|125 seg,100 seg,"Comentários: Para uma distribuição de origem inalterada, a dose será proporcional à atividade acumulada  (CE), que é simplesmente o produto da atividade e do tempo.  Para 5 Gy calculamos. CE = 10 Ci x 100 seg = 1000 Ci-se. Para reduzir a dose para 4 Gy,  precisamos  reduzir o CE em 20%: 8 Ci x 100 seg = 800 Ci-se."
T712,Módulo VIII – Braquiterapia,A unidade no S.I. para atividade da fonte é ________ .,Curie|Becquerel|Intensidade do kerma no ar|Pion|Kerma,Curie,
T713,Módulo VIII – Braquiterapia,Qual a dose que o paciente vai receber 100 dias após o implante?,100 Gy|90 Gy|85 Gy|80 Gy|75 Gy,100 Gy,"Comentários: Dos núcleos iniciais, metade decai durante a primeira metade da vida e 25% de decadência durante o segundo semestre.  Portanto, o paciente receberá um adicional de 50% da dose entregue durante a primeira meia-vida, ou 25 Giros.  Dose após 2 HLs = 50 Gy + 25 Gy = 75 Gy."
T714,Módulo VIII – Braquiterapia,Qual a dose total o paciente receberá para este implante?,90 Gy|100 Gy|110 Gy|144 Gy|Isto não poder ser determinado com as informações dadas,90 Gy,"Comentários: Metade da dose total é entregue durante a primeira metade da vida.  A metade restante, 50 Gy, será entregue durante a decadência total subsequente."
T715,Módulo VIII – Braquiterapia,Os testes de controle de qualidade de HDR incluem ______ .,Determinação da intensidade da fonte|Precisão no posicionamento da fonte|Linearidade da dose/Precisão de tempo|Teste de limpeza do pacote|Todas acima são verdadeiras,Determinação da intensidade da fonte,"Comentários: Estes testes são especificados em AAPM TG-41, TG-56 e NRC 10 CFR parte 35."
T716,Módulo VIII – Braquiterapia,"Para o tratamento de HDR usando um aplicador tandem de titânio e ovóide, sugere-se que o planejamento seja feito por meio de ressonâncias magnéticas para melhor delinear o tumor. Qual dos seguintes está correto?","O plano pode ser feito a partir de uma ressonância magnética, usando o mesmo aplicador.|O plano pode ser feito a partir de uma ressonância magnética, mas deve ser usado um aplicador não metálico.|O mesmo aplicador pode ser usado, mas uma tomografia computadorizada adicional deve ser adquirida para calcular as correções de não homogeneidade.|Um aplicador não metálico deve ser usado e, além da RM, uma tomografia computadorizada também deve ser adquirida para calcular as correções de não homogeneidade.","O plano pode ser feito a partir de uma ressonância magnética, usando o mesmo aplicador.","Comentários: Os aplicadores de titânio são compatíveis com CT/Ressonância Magnética e estão disponíveis em diversos fornecedores de equipamentos de braquiterapia e, como tal, permitem ambas as modalidades de tomografia.  O padrão atual de cálculo da dose em torno das fontes de braquiterapia baseia-se no formalismo AAPM TG-43, que gera a dose em um meio de água homogêneo. Não são realizadas correções de heterogeneidade."
T717,Módulo VIII – Braquiterapia,A especificação para a intensidade da semente de braquiterapia é dada em termos de força de kerma no ar. As unidades corretas são _____.,Ci|mg Ra-eq|mCi|μGy m2/h|Gy/h,Ci,
T718,Módulo VIII – Braquiterapia,"Uma fonte de braquiterapia que emite um único raio gama por decaimento tem meia-vida (t1/2), energia gama média (E) e atividade (A). A taxa de dose no ar a 5 cm de distância desta fonte depende de _____.","apenas a meia-vida|apenas a atividade|apenas a energia|tanto da meia-vida quanto a atividade, mas não a energia|tanto da atividade quanto a energia, mas não a meia-vida",apenas a meia-vida,"Comentários: KERMA significa energia cinética liberada por massa unitária.   A dose é absorvida por massa unitária.   Portanto, a unidade Gy é a mesma para ambos.  Para a força da fonte, estamos procurando a taxa a uma distância especificada. Aqui, é por hora a um metro."
T719,Módulo VIII – Braquiterapia,Por que a dose prescrita para um implante de braquiterapia permanente Pd-103 geralmente é menor do que para o I-125?,"Pd tem uma meia-vida mais longa e, portanto, o tempo de tratamento efetivo é maior.|Pd tem uma meia-vida mais curta e, portanto, o fator tempo-dose é maior.|Pd tem uma energia mais baixa, então a dose é mais conforme.|Pd tem uma energia mais alta, então uma dose menor é mais eficaz.|A dose prescrita para Pd-103 é geralmente maior do que para I-125.","Pd tem uma meia-vida mais longa e, portanto, o tempo de tratamento efetivo é maior.","Comentários: A meia-vida de Pd-103 é de apenas 17 dias, enquanto a meia-vida da I-125 é de 60 dias.  Assim, a dose total para Pd-103 é entregue em um período mais curto de tempo, o que significa menos reparação tecidual e, portanto, maior eficácia, mesmo para uma dose menor prescrita."
T720,Módulo VIII – Braquiterapia,"Um lote de 90 sementes de I-125 totaliza 50 mCi. Qual é a força do kerma no ar por semente I-125? Nota: 1 U = 0,787 mCi para I-125.","0,7 U|1,0 U|1,3 U|1,5 U|2,0 U","0,7 U","Comentário: 50 mCi / 90 sementes x 1 U / 0,787 mCi = 0,7 U / semente."
T721,Módulo VIII – Braquiterapia,"De acordo com o AAPM Task Group 128, qual dos seguintes testes de QA deve ser realizado anualmente para o sistema de ultrassom usado para braquiterapia de próstata?",alinhamento do modelo de agulha|resolução axial e lateral|visibilidade em tons de cinza|Todas as afirmativas acima são verdadeiras.|Nenhuma das opções acima é verdadeira.,resolução axial e lateral,"Comentários: O relatório da AAPM TG-128 sobre testes de garantia de qualidade para sistemas de ultrassom de braquiterapia de próstata foi divulgado em 2008.  O alinhamento do modelo da agulha deve estar dentro de 3 mm, a resolução axial e lateral deve estar dentro de 1 mm da linha de base, e a visibilidade em escala de cinza deve estar dentro de 2 etapas, ou 10%, da linha de base."
T722,Módulo VIII – Braquiterapia,"De acordo com o Padrão Técnico ACR-AAPM para o Desempenho da Física de Braquiterapia de Alta Taxa de Dose, após uma troca de fonte HDR, a atividade da fonte deve ser verificada para estar dentro de _____ do certificado do fabricante. R. 0,1%","0,5%|1%|3%|5%","0,5%","Comentários: O documento de 2015 descreve todo o processo HDR, incluindo detalhes sobre o programa de garantia de qualidade adequado, do qual, a calibração do HDR lacrado faz parte."
T723,Módulo VIII – Braquiterapia,"De acordo com o ACR e o AAPM, qual é o desvio máximo permitido entre as posições de permanência medidas e pretendidas no aplicador e o espaçamento do tamanho do passo entre as posições de permanência para HDR?","0,1 mm|0,5 mm|1,0 mm|2,0 mm|5,0 mm","0,1 mm","Comentários: De acordo com as normas técnicas acr-AAPM conjuntas, um físico médico qualificado pode usar um autordiograma ou outro método adequado para fazer esta medição antes do primeiro uso do pós-carregamento remoto em cada dia dado."
T724,Módulo VIII – Braquiterapia,"Antes da segunda fração de um caso de cilindro vaginal, a fonte HDR foi alterada para uma atividade mais alta. Ao entregar a segunda fração, _____.",a dose aumenta e o tempo aumenta|a dose permanece a mesma e o tempo aumenta|a dose diminui e o tempo diminui|a dose permanece a mesma e o tempo diminui,a dose aumenta e o tempo aumenta,"Comentários: Câmaras de poço calibradas por um Laboratório de Calibração de Dosimetria Credenciada (ADCL) podem ser usadas para medir fontes LDR, HDR e beta."
T725,Módulo VIII – Braquiterapia,As sementes radioativas para um implante de próstata devem ser calibradas usando _____.,uma câmara de poço|uma Câmara do farmer  a 10 cm no ar|uma Câmara do farmer  a 1 cm de água|filme radiocrômico|filme radiográfico,uma câmara de poço,"Comentários: Câmaras de poço calibradas por um Laboratório de Calibração de Dosimetria Credenciada (ADCL) podem ser usadas para medir fontes LDR, HDR e beta."
T726,Módulo VIII – Braquiterapia,"De acordo com o NRC e o AAPM Task Group 59, as verificações diárias de braquiterapia de alta taxa de dose com pós-carregador remoto incluem todos os itens a seguir, exceto _____.",precisão temporal|precisão de posicionamento da fonte|travas de porta|medição de saída da fonte|Todas essas opções são testes diários para braquiterapia de alta taxa de dose.,precisão temporal,"Comentários: Bem, as medições da câmara poço são necessárias anualmente ou quando uma fonte é trocada.  A saída da fonte deve ser verificada diariamente no sistema de planejamento de tratamento versus uma tabela de decomposição."
T727,Módulo VIII – Braquiterapia,"Duas pacientes estão sendo tratadas com um pós-carregador de alta taxa de dose usando cilindros vaginais. A dose prescrita, o comprimento do tratamento (ou seja, o número de posições de permanência) e a profundidade alvo de 0,5 cm da superfície do cilindro são os mesmos para ambos. O paciente A é tratado com um cilindro de 2,5 cm de diâmetro e o paciente B é tratado com um cilindro de 3,5 cm de diâmetro. Quando comparado ao paciente A, o tempo de tratamento para o paciente B será _____ e a dose na superfície do cilindro será _____",mais curto; mais baixo|mais curto; superior|mais curto; inalterado|maior; mais baixo|maior; superior,mais curto; mais baixo,"Comentários: Para uma fonte de linha, a taxa de dose em um ponto próximo à fonte é aproximadamente inversamente proporcional à distância da fonte.  O ponto de prescrição para o paciente B está mais distante da fonte do que o ponto de prescrição para o paciente A, portanto requer um tempo de tratamento mais longo.  Uma vez que, para o paciente B, a distância do ponto de prescrição para a fonte é maior, a dose de queda da superfície do cilindro para o ponto de prescrição é menor (ou seja, dose cair de 1,75   cm a 2,25 cm para o paciente B é menor que a dose de queda de 1,25 cm para 1,75 cm para o paciente A). Portanto, para a mesma dose prescrita a 0,5 cm de profundidade da superfície do cilindro, a dose na superfície do cilindro para o paciente B é menor."
T728,Módulo VIII – Braquiterapia,"Um implante de semente permanente é realizado usando um isótopo com meia-vida de 20 dias. A taxa de dose inicial para o alvo é determinada em 0,1 Gy/h. Após a deterioração completa, que dose total esse paciente receberá (para o Gy mais próximo)?",48 Gy|69 Gy|80 Gy|91 Gy|102 Gy,48 Gy,"Comentários: A dose total é calculada como taxa de dose inicial vezes a vida média. A vida média é de 1,44 • meia-vida. Dose = 0,1 Gy/h x 24 horas/dia x 20 dias x 1,44 = 69,1 Gy."
T729,Módulo VIII – Braquiterapia,"Um implante de semente permanente é realizado usando um isótopo com meia-vida de 20 dias. Que porcentagem da dose total o paciente recebeu 60 dias após a realização do implante? R. 50,0%","69,3%|75,0%|87,5%|95,2%","69,3%","Comentários: Para este isótopo, 60 dias são 3 meias vidas. A atividade restante após 3 meias-vidas é: (0,5)3 = 12,5% ou e-0,693 (60/20) = 12,5%. Este means que 87,5% do material radioativo inicial tem deteriorado, o paciente já recebeu 87,5% da dose total."
T730,Módulo VIII – Braquiterapia,"Durante um tratamento de HDR, qual dos seguintes profissionais deve estar presente?",radio-oncologista da prescrição|Técnico de radioterapia|residente de radio-oncologia|físico médico qualificado|enfermeira oncológica,físico médico qualificado,"Comentários: Um oncologista de radiação deve estar presente, mas não necessariamente ser o prescritor. O físico médico qualificado deve estar lá também.  Dependendo da instituição, um radioaterapeuta pode estar lá, mas um oncologista de radiação pode operar o pós-carregamento."
T731,Módulo VIII – Braquiterapia,"Para os primeiros 5 cm, a queda de dose com a distância na água de uma fonte pontual segue a lei do inverso do quadrado (1/r2) para todos os seguintes isótopos, exceto _____.",137Cs|192Ir|198 Au|60Co|103Pd,137Cs,"Comentários: Para 137Cs, 192Ir, 192Au e 60Co, a uma distância de cerca de 5 cm da fonte, a atenuação dos fótons primários é muito compensada pela contribuição de fótons dispersos. Para 103Pd, e 125I, o componente de atenuação é maior do que a dispersão devido às suas energias de fótons baixas."
T732,Módulo VIII – Braquiterapia,"No AAPM Task Group 43, o fator de anisotropia, F(r, θ), é responsável pela dependência angular de _____.",apenas absorção de fótons no encapsulamento da fonte e no meio|apenas espalhamento de fótons no encapsulamento da fonte e no meio|absorção e espalhamento de fótons no encapsulamento da fonte e no meio|apenas absorção de fótons no encapsulamento da fonte|apenas espalhamento de fótons no encapsulamento da fonte,apenas absorção de fótons no encapsulamento da fonte e no meio,"Comentários: No TG-43, o fator anisotropia é responsável tanto pela absorção de fótons quanto pela dispersão no encapsulamento da fonte e no meio, com a correção quadrada inversa fatorada."
T733,Módulo VIII – Braquiterapia,A calibração de rotina das fontes de braquiterapia geralmente é realizada com um _____.,Câmara dedal|Câmara de ionização tipo poço|Diodo|OSLD|Câmara de ionização de ar livre,Câmara de ionização tipo poço,"Comentários: Uma câmara de ionização tipo poço é comumente usada para calibração de fontes de braquiterapia. As paredes da câmara cercam a fonte, aproximando-se de uma geometria de medição de 4s. Um titular de fonte é concebido para reproduzir a geometria da fonte em relação às paredes da câmara circundante. Para cada fonte de braquiterapia utilizada clinicamente, a câmara do tipo de poço deve ter um fator de calibração, que é obtido do NIST ou de uma ADCL com base em uma fonte calibrada do mesmo tipo."
T734,Módulo VIII – Braquiterapia,"Um tratamento de cilindro vaginal usando 192Ir é entregue em 400 segundos na segunda-feira. Se o paciente for tratado novamente na quinta-feira, o tempo para administrar a mesma dose será de _____.",388 s|400 s|411 s|423 s|Isso não pode ser determinado.,388 s,"Comentários: O tempo de entrega do tratamento aumentará para uma decadência exponencial. A meia-vida de 192Ir é de 74 dias. Cálculo direto mostra: t(3 dias depois) = t(segunda-feira) x 2 (3/74) = 400 x 2(3/74 s= 400 x 1,028 = 411 s. Pode-se também usar a regra de ouro de que l92Ir decai aproximadamente 1 % por dia. Três dias = 3% de decaimento. 400 x 1,03 = 412 s."
T735,Módulo VIII – Braquiterapia,"Em comparação com 125I para implantes de sementes de próstata, 103Pd tem _____.","maior dispersão das linhas de isodose, o que produz melhor cobertura|a necessidade de menos sementes por implante|menor tempo necessário pós-implante para observar as precauções de radiação|Todas as opções acima são verdadeiras.|Nenhuma das opções acima é verdadeira.","maior dispersão das linhas de isodose, o que produz melhor cobertura","Comentários: Uma meia-vida mais curta (17 dias para 103-Pd versus 59 dias para 125-I) significa que as fontes se deteriorarão mais rapidamente, e os pacientes precisarão observar precauções por um período mais curto de tempo.  103-Pd tem a vantagem biológica de uma maior taxa de dose inicial e um menor tempo total de tratamento."
T736,Módulo VIII – Braquiterapia,O medidor mais apropriado para encontrar sementes radioativas perdidas após um implante de semente de próstata é _____.,um medidor de nêutrons|um medidor de levantamento Geiger-Müller|um medidor de levantamento de câmara de ionização|um medidor de diodo|uma matriz de câmara deionização,um medidor de nêutrons,Comentários: Geiger-Müller são os melhores para detectar pequenas quantidades de material radioativo.
T737,Módulo VIII – Braquiterapia,A prescrição para o volume alvo 3D para braquiterapia em tandem e ovoide atenua o seguinte problema com a prescrição histórica de tratamento.,A prescrição do ponto A não leva em conta as variações anatômicas entre os pacientes.|Os tempos de tratamento eram muito longos ao usar a prescrição de tratamento histórica.|A preservação de órgãos em risco era impossível sem a definição de alvo 3D e órgão em risco.|A falta de homogeneidade da dose pode ser reduzida pela prescrição de um volume alvo 3D.|Nenhuma das opções acima é verdadeira.,A prescrição do ponto A não leva em conta as variações anatômicas entre os pacientes.,Comentários: Ponto A é definido como o ponto 2 cm superior do sistema uterino e 2 cm lateral do tandem. Essa definição não explica a diferente anatomia do paciente e pode resultar em sobre ou sub-dosagem do volume de destino. A prescrição para o volume alvo explica essas variações e produz doses mais consistentes ao alvo.
T738,Módulo VIII – Braquiterapia,_____ NÃO faz parte do controle de qualidade diário para unidades HDR.,Uma verificação de posicionamento da fonte|Um cálculo manual de decaimento da fonte|Uma medição de Intensidade da fonte|Funcionalidade do medidor de levantamento|Uma verificação da luz de advertência de radiação,Uma verificação de posicionamento da fonte,"Comentários: A Intensidade de fonte é medida apenas no momento da troca de fontes, que normalmente é uma vez a cada três meses para fontes de Ir-192."
T739,Módulo VIII – Braquiterapia,Qual das seguintes afirmações é VERDADEIRA em relação ao uso de TC versus RM para o planejamento do tratamento cervical HDR?,O formalismo AAPM TG-43 pode ser usado para calcular a dose em exames de RM ou TC.|A tomografia computadorizada provavelmente conterá distorções geométricas maiores.|A tomografia computadorizada facilita o contorno do alvo.|A tomografia computadorizada impõe requisitos mais rígidos ao material aplicador HDR.|Todas as afirmativas acima são verdadeiras.,O formalismo AAPM TG-43 pode ser usado para calcular a dose em exames de RM ou TC.,"Comentários: O formalismo AAPM TG-43 assume o meio homogêneo, portanto, o uso de ressonância magnética ou tomografia computadorizada para imagem não mudará o cálculo da dose."
T740,Módulo VIII – Braquiterapia,"Um paciente recebe um implante permanente usando um isótopo com meia-vida de 17 dias. Se a taxa de dose inicial for 0,25 Gy/h, a dose total é _____.",91 Gy|102 Gy|117 Gy|129 Gy|147 Gy,147 Gy,"Comentários: A dose total é calculada multiplicando-se a taxa de dose inicial (IDL) e a vida média do isótopo (Tavg)  = Tavg	T1/2 	x1,44. Portanto, 0,25 Gy/h x 1,44 x 17 d x 24 horas/1 dia = 147 Gy."
T741,Módulo VIII – Braquiterapia,A abordagem Paterson-Parker _____.,"não pode ser usado com137Cs, pois a energia deste isótopo é muito alta|não pode ser usado com 137Cs, pois a meia-vida desse isótopo é muito longa|não pode ser usado com 125I, pois a energia deste isótopo é muito baixa|explica as correções de não homogeneidade|é útil para HDR, mas não para LDR, cálculos de dose","não pode ser usado com137Cs, pois a energia deste isótopo é muito alta",Comentários: Paterson-Parker  tabelas podem ser usados para  isótopos cujas energias são razoavelmente próximas à de 226-Ra.
T742,Módulo VIII – Braquiterapia,"As diferenças no projeto da fonte ativa para sementes 125I afetam todos os parâmetros a seguir, EXCETO _____.",função de dose radial|constante da taxa de kerma no ar|constante de decaimento|função de anisotropia|Todos os itens acima dependem do design da semente.,função de dose radial,"Comentários: A constante de decomposição depende apenas do isótopo radioativo, não do desenho da fonte"
T743,Módulo VIII – Braquiterapia,Qual das seguintes afirmações sobre uma TC pós-implante para avaliação de um implante de próstata está correta?,"A varredura deve ser realizada no prazo de um dia após o implante.|Desde que o número de sementes no escaneamento esteja de acordo com o plano de tratamento, a qualidade do implante é suficiente.|A radiação das fontes podem degradar a qualidade da tomografia computadorizada.|Todas as afirmativas acima são verdadeiras.|Nenhuma das opções acima é verdadeira.",A varredura deve ser realizada no prazo de um dia após o implante.,"Comentários: A verificação de avaliação geralmente é realizada 30 dias após o implante, uma vez que o edema causado pelo trauma na próstata do implante provavelmente subestimaria os índices dosimétricos."
T744,Módulo VIII – Braquiterapia,A braquiterapia intravascular é frequentemente usada _____.,em situações de emergência para abrir artérias coronárias bloqueadas|em ambientes não emergentes para tratar artérias bloqueadas após falha de stents farmacológicos|durante a cirurgia de coração aberto para irradiar o leito cirúrgico|para tratar a taquicardia supraventricular|Nenhuma das opções acima é verdadeira.,em situações de emergência para abrir artérias coronárias bloqueadas,
T745,Módulo VIII – Braquiterapia,"Todas as tecnologias a seguir estão disponíveis para administração de radioterapia intraoperatória (IORT), exceto _____.",Braquiterapia HDR|um dispositivo IORT de raios-x de baixo kV|braquiterapia eletrônica de raios-x de baixo kV|radioterapia com elétrons intraoperatória com aceleradores lineares,Braquiterapia HDR,"Comentários: O objetivo da radioterapia intraoperatória (IORT) é fornecer uma única dose alta de radiação no momento da cirurgia para melhorar o controle do tumor. Para o HDR IORT, os aplicadores de superfície são colocados em pacientes e têm tubos-guia através dos quais a fonte HDR viaja. Um exemplo é o aplicador HAM. Existem dois dispositivos de raios-X de baixa kV atualmente usados para IORT, embora esses dois sistemas compartilhem semelhanças na forma como os raios-X são produzidos. Um dispositivo acelera um feixe de elétrons até a extremidade de um tubo onde atinge um alvo dourado, com aplicadores esféricos ou planos ligados ao polo de origem. O outro sistema de raios-X de baixa kV usa um tubo de raios-X em miniatura em um cateter refrigerado à água, e é classificado como braquiterapia eletrônica. Radioterapia com elétrons intraoperatória (IOERT) usa feixes de elétrons produzidos a partir de um linac móvel. A energia de fótons MV é muito alta para IORT."
T746,Módulo VIII – Braquiterapia,"Um tratamento com cilindro vaginal foi planejado para fornecer 600 cGy a 0,5 cm no tecido vaginal usando um cilindro de 2,6 cm de diâmetro. No entanto, um cilindro de 3,0 cm de diâmetro foi utilizado para o tratamento. Qual é a dose administrada a um ponto de 0,5 cm no tecido vaginal em um local no centro do comprimento do cilindro?",486 cGy|540 cGy|600 cGy|667 cGy|741 cGy,486 cGy,
T747,Módulo VIII – Braquiterapia,Há uma indicação visual _____ de que uma fonte HDR deixou seu alojamento e está passando pelos tubos de transferência e aplicador.,na própria unidade de pós-carregador HDR|no console de controle fora da sala de tratamento|nas paredes ou porta da sala de tratamento|Todas as afirmativas acima são verdadeiras.|Nenhuma das opções acima é verdadeira.,na própria unidade de pós-carregador HDR,"Comentários: De acordo com o NRC 10 CFR Parte 35.647, antes de cada dia de uso, as luzes indicadoras de exposição de origem na unidade de pós-carregamento remoto, no console de controle e na instalação devem ser todas verificadas para a funcionalidade adequada."
